"","T_MAPCODE","niaps_ch1","niaps_ch2","niaps_ch3","niaps_ch4","niaps_ch6","niaps_ch5","niaps_ch7","niaps_ch8","niaps_ch9","niaps_ch10","sumrem_sa","niaps_ext30","niaps_ext50","niaps_ext70","niaps_ext90","D3_niaps","EOO","AOO","B1i_niaps","B2i_niaps"
"1","AT15",0.3148,1.1932,0,0.4108,0,0,0,0,0,0,14.5748,0.13165189230727,0.110052968136784,0.0281856354804183,0,"LC",45.81732988,4,"LC","LC"
"2","AT16",0.7696,3.4368,0.024,0.61,0.0036,0,0,0,0,0.3716,51.1648,0.101937269372694,0.0868956782788167,0.0192554256051035,0.00726280567890425,"LC",158.7300091,4,"LC","LC"
"3","AT17",42.1832,13.2332,4.1224,10.304,5.5484,5.6868,7.9768,2.5396,0.2552,15.3032,576.74,0.18579047751153,0.112649720844748,0.0825571314630509,0.0452106668516142,"LC",4479.418635,44,"LC","LC"
"4","AT18",42.9356,42.8548,13.5744,25.0552,4.6324,10.218,8.7372,2.63,2.8052,28.0584,1034.7104,0.17541255988149,0.133917277723313,0.0793810519349182,0.0408141253823292,"LC",5899.127087,55,"LC","LC"
"5","AT19",26.722,12.384,0.9136,8.2812,1.0748,2.8384,2.6252,0.3452,0.3316,0.506,1061.8264,0.052760036857249,0.0275939645124664,0.0150706367820578,0.00358627361308779,"LC",13147.0364,75,"LC","LC"
"6","AT20",0,0,0.3364,0.116,0.8596,0.0184,0,0.0472,0.004,0,20.0016,0.0690744740420766,0.0690744740420766,0.0522558195344373,0.00255979521638269,"LC",115.0750943,3,"LC","LC"
"7","AT21",18.6292,9.9224,12.6404,12.5768,3.4312,2.4772,6.9144,7.936,1.0672,9.7596,310.8976,0.274541842716058,0.214621148571105,0.142048056980819,0.0825905378491182,"LC",2323.501603,26,"LC","LC"
"8","AT22",0.882,1.4936,4.7308,3.3072,0.0404,1.6224,1.8956,1.6028,0.3604,0.334,92.3968,0.176079691071552,0.166533905936136,0.0991679365519152,0.0453781949158412,"LC",946.9844025,13,"LC","LC"
"9","AT23",12.0136,10.5192,0.092,0,0,0,0,0,0,0.012,268.2796,0.0843776418333708,0.039597494554189,0.0000447294538980974,0.0000447294538980974,"LC",1798.098713,18,"LC","LC"
"10","AT24",106.3336,33.0192,1.8452,10.0236,0.6844,1.36,0.04,0,0,0.1796,2598.0464,0.059077312860925,0.0181490215109322,0.00472955371389826,0.0000845250492831845,"LC",11841.27979,74,"LC","LC"
"11","AT25",69.4464,10.062,5.7076,1.36,0,0,3.2716,0.2224,0,0,2109.2204,0.0427029816324553,0.00977783070939386,0.00230132422386963,0.00165653622542244,"LC",11432.27995,68,"LC","LC"
"12","AT26",0.0784,1.3416,0.2668,0.9392,0.0072,0.5596,2.6928,2.9776,0.2604,0.5292,30.174,0.319904553589183,0.317306290183602,0.264002121031352,0.214091602041493,"LC",703.3072694,6,"LC","LC"
"13","AT27",18.6344,16.594,0.0072,5.4404,1.1188,0,0,0,0,0,1230.8536,0.0339559473198112,0.0188165351265171,0.00532898469809895,0,"LC",16538.17698,68,"LC","LC"
"14","AT28",43.9724,37.6064,14.7528,11.26,1.4928,3.0512,6.2016,2.1408,3.2896,8.4856,908.232,0.145616098089475,0.0972007152357547,0.0395511279056453,0.0221502875917167,"LC",8464.25249,54,"LC","LC"
"15","AT29",8.2144,4.4272,0.1132,0.1744,0.4984,0,0,0,0,0,768.056,0.0174825793952524,0.00678752590956909,0.000875977793285906,0,"LC",1803.9549,23,"LC","LC"
"16","AT30",15.7444,4.8404,0,3.3124,0,0,0.0556,0,0,0,625.3256,0.0383045248747213,0.0131266015656484,0.00538599411250715,0.0000889136795295123,"LC",908.9116642,15,"LC","LC"
"17","AT31",12.7408,3.7324,1.1624,5.3032,0.5492,1.634,0.4524,0.5812,0.0412,4.2704,210.196,0.144946621248739,0.0843327180345963,0.061045880987269,0.0254295990408952,"LC",1244.820737,19,"LC","LC"
"18","AT32",167.0544,90.9472,12.3204,22.3904,0.7528,0.7116,1.6448,0.2772,0.0224,0.8296,3450.6652,0.0860561030377563,0.0376438722597602,0.00771700482562029,0.000803902969201417,"LC",16791.80166,111,"LC","LC"
"19","AT33",0.9336,2.1972,0.3792,0.1124,0.0544,0.0576,0.2972,0.12,0,0,484.0704,0.00857643846845418,0.00664779337881432,0.00132542704532233,0.000861858109894759,"LC",5402.44638,38,"LC","LC"
"20","AT34",0,0.114,0.0308,0.0568,0.0252,0.0012,0.4656,0.2308,0,0.2728,161.674,0.00740502492670436,0.00740502492670436,0.00650939545010329,0.00599477961824412,"LC",366.5261103,9,"LC","LC"
"21","AT35",0.6152,0.924,0.0276,0.228,0.334,0.0104,0,0.0348,0,0.0404,18.3744,0.120515499825845,0.0870341344479276,0.0352446882619296,0.00409265064437478,"LC",85.62771439,6,"LC","LC"
"22","AT36",0.4488,0.3656,0.1904,0.4588,0.6384,0.4076,4.2632,0.1616,0.1732,2.6884,29.7644,0.329118006746314,0.314039590920697,0.295359557054737,0.244802515757079,"LC",748.9482161,6,"LC","LC"
"23","AT37",2.7928,2.8824,2.9724,4.3356,1.1752,0.7888,2.5308,0.8244,0.3804,0.5592,106.1272,0.181310729011978,0.15499513790998,0.09982737695897,0.0404684190292404,"LC",1753.357094,14,"LC","LC"
"24","AT38",27.0128,12.6892,3.4908,10.5644,3.6032,6.2532,5.4116,7.9316,0.882,31.3256,849.7652,0.128464192226276,0.0966756464020885,0.0776350926114649,0.0536039837828144,"LC",3614.052473,41,"LC","LC"
"25","AT39",1.9532,3.2204,0.9772,4.9916,0.0852,0.206,0.022,0,0,0,216.984,0.0527946761051506,0.0437930907348007,0.0244478855583822,0.000101389964236994,"LC",1200.282188,16,"LC","LC"
"26","AT40",11.3288,17.3336,8.438,18.8508,8.1932,11.2756,16.4656,6.1312,2.884,8.2868,463.16,0.235744882977805,0.211285085067795,0.155642110717679,0.0729069867864237,"LC",4454.141883,26,"LC","LC"
"27","AT41",7.1912,11.8396,5.4976,7.9776,0.2244,0.042,0.3632,3.9212,0.016,4.1424,207.8656,0.198278118168663,0.163682687274855,0.080276871209089,0.0406166292065642,"LC",1716.529991,20,"LC","LC"
"28","AT42",0.5132,2.2164,0.3064,1.3228,0,0.074,0,0,0,0,51.7304,0.0856904257457897,0.0757697601410389,0.0270015310146452,0,"LC",261.0963376,5,"LC","LC"
"29","AT43",0.2684,0.548,0.148,0.1032,0.1028,0.1016,0.3524,0.2956,0,0.0988,265.86,0.00759347024749868,0.00658391634694952,0.00396599714135259,0.00280899721658015,"LC",1224.867412,13,"LC","LC"
"30","AT44",1.9588,2.3572,0.3816,1.1328,0.5212,0.2256,0.1484,0.1104,0.026,0.338,63.2552,0.113824634180273,0.0828580100924509,0.0395603839684326,0.00984583085659361,"LC",542.2675896,7,"LC","LC"
"31","AT45",18.238,11.2428,3.4808,7.1632,0.45,0.1408,0,0.4612,0,1.7344,430.4944,0.0996788808402618,0.0573136375293151,0.0231120311901851,0.00510018248785582,"LC",2150.323235,24,"LC","LC"
"32","AT46",0.1056,1.0572,0.0528,0.002,0,0,0.0832,0.0156,0.026,0.0392,552.0688,0.00250258663412966,0.00231130612706242,0.000300687160730692,0.000297064423854418,"LC",3798.219529,31,"LC","LC"
"33","AT47",7.5552,7.8904,0.6024,1.8768,0,0.1196,0.0512,0.0112,0,0,886.1536,0.020433026509174,0.011907190807553,0.00232329925647202,0.0000704166862268573,"LC",2080.270095,28,"LC","LC"
"34","AT48",0.248,1.4244,0.0064,1.0368,0.0164,4.13,0.0844,0,0,0,11.6912,0.594156288490489,0.572943752566033,0.450561105788969,0.00721910496783906,"LC",28.2881677,3,"CR","EN"
"35","AT49",90.6136,46.3644,4.842,9.6316,0.0036,0.4456,1.6528,0.0832,0.584,0,5524.0148,0.027918245258865,0.0115146686428139,0.00224488898907367,0.000419984392511041,"LC",17378.90901,143,"LC","LC"
"36","AT50",28.5316,21.61,13.4248,17.742,1.1796,0.9148,2.7808,1.4736,0.27,1.9952,515.4424,0.174456738522093,0.119103123840802,0.0511327744865382,0.0126485520011547,"LC",5641.342147,29,"LC","LC"
"37","AT51",70.6936,70.842,47.6576,106.3812,0.9016,3.9208,3.8544,0.81,0.1988,1.7996,1693.7084,0.181294253485429,0.139555309520812,0.069590727660086,0.00393385307647999,"LC",7144.44123,62,"LC","LC"
"38","AT52",1.5112,3.5868,0.3172,1.7244,0.062,0.0468,0,0.0008,0,0,30.2416,0.239709539177821,0.189738638167293,0.0606449394211946,0.0000264536267922332,"LC",59.00719591,3,"LC","LC"
"39","AT53",1.4004,2.5088,0,0,0,0.8584,0,1.2036,0.0488,0.64,16.5496,0.402426644752743,0.317808285396626,0.166215497655532,0.114347174554068,"LC",42.211326,3,"LC","LC"
"40","AT54",12.5504,5.4796,11.1712,4.2208,0.75,4.946,1.1768,1.182,0.6936,3.0484,184.8992,0.244559197660131,0.176682213876534,0.0866288226233537,0.0329952752634949,"LC",3542.29472,17,"LC","LC"
"41","AT55",0.772,0.1428,0.0008,0.004,0.0168,0.0008,0.4084,0,0,0.1832,741.5976,0.00206149534464513,0.00102049952696719,0.000826863517357661,0.000797737209505532,"LC",1687.656616,20,"LC","LC"
"42","AT56",11.7912,13.8408,6.0816,18.4004,1.5712,3.3528,2.7216,5.2988,1.5276,7.8312,465.9492,0.155418659373168,0.130112896427336,0.0873563040777836,0.0372984866161376,"LC",1915.210447,30,"LC","LC"
"43","AT57",6.2756,7.6288,4.3932,5.0584,2.7316,6.0712,4.2464,1.0356,0.2048,1.2804,105.5096,0.368933253466983,0.309454305579777,0.195512067148392,0.0641382395535572,"LC",2803.464089,11,"LC","LC"
"44","AT58",1.348,0.7556,0,0.1324,0,0,0.436,0.03,0.0816,0.0536,2221.2952,0.00127727282713257,0.000670419672270484,0.000330257770331471,0.000270652905566086,"LC",7241.287773,70,"LC","LC"
"45","AZa1",0.2,0,0,0.2408,0.1072,0,0,0,0,0.182,18.1868,0.0401390019134757,0.0291420150878659,0.0291420150878659,0.0100072580113049,"LC",561.7953257,5,"LC","LC"
"46","AZa2",3.6524,1.3924,3.2568,5.216,4.6748,4.1892,3.3444,5.0352,1.6832,12.8316,116.1724,0.389731123743677,0.358291642421091,0.318271809827463,0.197072626544687,"LC",11457.24672,34,"EN","VU"
"47","AZa3",39.1424,38.62,28.6168,20.6092,3.994,11.9088,16.1468,3.3568,2.6564,0.8588,530.9836,0.312457861222079,0.238741083528757,0.112114197123979,0.0433512447465421,"LC",43030.96213,97,"LC","LC"
"48","AZa4",19.7736,24.5708,19.4456,20.0452,14.2104,15.5264,38.9632,22.4088,9.012,10.862,1248.4128,0.15605254928498,0.140213557566856,0.104955668509647,0.0650794352637205,"LC",43323.69605,113,"LC","LC"
"49","AZa5",49.5832,39.8016,7.8748,10.4988,3.706,5.8896,7.1092,0.3088,1.1196,0.3932,2106.648,0.0599458476214346,0.036409309955911,0.0137779068928459,0.00423934136125257,"LC",33725.68204,127,"LC","LC"
"50","AZa6",6.5356,11.0512,2.6788,7.0628,0.3896,2.0172,2.6628,0.1232,0.7396,0.76,286.0296,0.118941536120737,0.09609215270028,0.0480901277350316,0.0149830646898083,"LC",12011.61527,53,"LC","LC"
"51","AZa7",13.2232,9.4096,7.7692,3.098,0.772,4.35,1.3468,1.2236,0.3724,1.2392,859.3644,0.0498089052792971,0.0344217191217137,0.0144315961889974,0.00486638729740259,"LC",318531.5035,87,"LC","LC"
"52","AZd3",0.0376,0.138,0.0924,0.0596,0.01,0.0944,0.0404,0.0068,0,0.036,215.2172,0.00239386071373478,0.00221915348773239,0.00114860708159013,0.000386586202218038,"LC",191365.9833,39,"LC","LC"
"53","AZd4",0.0088,0.0224,0.0212,0.0036,0,0.0008,0,0.0004,0,0.0036,26.27,0.0023144271031595,0.00197944423296536,0.000319756376094404,0.000152264940997335,"LC",35488.77075,4,"LC","LC"
"54","AZi1",21.0888,26.64,18.3956,13.4164,12.9416,13.5132,6.3792,3.5636,0.858,0.8556,1200.1276,0.0980329091673252,0.080460777670641,0.0429351012342354,0.0097126338899297,"LC",37881.67528,195,"LC","LC"
"55","AZi3",50.7472,33.4476,2.3736,1.6068,0,0.3112,0.4376,0,0,0,1914.6164,0.0464448126528113,0.0199396599757528,0.00123032477941796,0.000228557532464467,"LC",119497.816,143,"LC","LC"
"56","AZi5",28.3776,40.4072,26.0072,24.25,5.3992,14.1852,3.4704,2.0856,0,7.0088,4815.0392,0.0313997859041314,0.0255062513302072,0.011713134131909,0.00260949069739661,"LC",141946.9064,364,"LC","LC"
"57","AZi6",147.54,94.274,6.806,21.382,0.934,2.3244,4.0016,0.6124,0.1452,0.1052,4534.9768,0.0613288253205617,0.0287950315423885,0.00650605312909208,0.0010726405480178,"LC",78135.63103,335,"LC","LC"
"58","AZi7",7.796,8.5964,2.5868,7.298,2.366,0.6416,0.7992,0,0,0.1344,1983.6596,0.0152336620658101,0.0113035522828614,0.00566589146645927,0.00047064526595188,"LC",12014.88418,87,"LC","LC"
"59","AZi8",5.2824,4.3584,1.6956,2.3128,0.192,0.332,0.6424,2.266,0.412,3.2552,143.7668,0.144322611340031,0.107579775024554,0.0654699137770334,0.045737958972447,"LC",5933.849228,28,"LC","LC"
"60","AZs3",0.0932,0.142,0.1412,1.9536,0,0,0,0,0,0,11.972,0.194620781824257,0.186835950551286,0.163180755095222,0,"LC",16493.61745,4,"LC","LC"
"61","CB1",17.5416,30.6452,11.9416,16.6264,2.4648,2.7324,4.8708,1.0784,0.3396,1.0424,832.548,0.107240903827767,0.0861711276707169,0.0350187616810082,0.00880573852798878,"LC",8594.854371,66,"LC","LC"
"62","CB2",1.8484,6.9812,1.5404,3.9704,0.5584,0.282,0.3232,0.5212,2.0404,3.1992,401.0516,0.0530226035752008,0.0484137203292544,0.0271655816857482,0.0151701177604079,"LC",4918.309702,31,"LC","LC"
"63","CB3",41.6444,66.98,35.4324,54.944,23.1268,24.7356,29.8688,26.8532,11.382,26.8168,672.314,0.508369601109006,0.446427710861294,0.294099483277159,0.141185220001368,"LC",8437.213536,74,"LC","LC"
"64","CB4",16.0604,13.6576,6.3724,10.2444,2.8004,4.926,5.92,6.496,1.44,7.1268,641.0904,0.117056814452377,0.0920051212746284,0.0607614776324837,0.032729861498472,"LC",3086.329174,35,"LC","LC"
"65","CB5",100.1804,72.7428,26.502,25.5836,13.3864,5.9196,8.6688,3.6264,3.1828,13.1776,899.2332,0.303559076777859,0.192152602906565,0.0817865710474213,0.0318667059890582,"LC",3870.636975,40,"LC","LC"
"66","CB6",35.0984,74.1364,34.9368,43.9148,22.28,16.8604,27.8516,13.3036,9.7892,13.3976,411.5112,0.708531869849472,0.623240388110943,0.358185147816147,0.15635540417855,"LC",5845.995747,45,"EN","VU"
"67","Dg1",0.0084,0,0,0,0,0,0,0,0,0,332.8976,0.0000252329845574134,0,0,0,"LC",477.8983176,8,"LC","LC"
"68","Dg10",0.08,0.1736,0.0308,0.164,0,0,0.1188,0,0.0548,0,2084.2796,0.000298424453225949,0.000260041886894637,0.000161974429918136,0.0000832901689389466,"LC",7836.013306,68,"LC","LC"
"69","Dg2",0.0048,0,0,0,0,0,0,0,0,0,361.3932,0.0000132819322555045,0,0,0,"LC",509.760782,8,"LC","LC"
"70","Dg3",0,0.0048,0,0,0,0,0,0,0,0,156.4688,0.0000306770423240927,0.0000306770423240927,0,0,"LC",859.4970252,13,"LC","LC"
"71","Dg5",0.0164,0.0084,0,0,0,0,0,0,0,0,591.9344,0.0000418965344808479,0.0000141907616789969,0,0,"LC",869.2165362,14,"LC","LC"
"72","Dg7",0.0968,0.1736,0.056,0,0,0,0,0,0,0,244.0452,0.00133745715957536,0.000940809325485607,0,0,"LC",294.9471668,5,"LC","LC"
"73","Dg8",0.0008,0,0,0,0,0,0,0,0,0,342.9244,0.00000233287570088334,0,0,0,"LC",503.8998912,10,"LC","LC"
"74","Dg9",0.0652,0.1492,0.106,0.0404,0,0,0.0636,0,0,0,1198.2608,0.000354179991534397,0.000299767796793486,0.0000867924578689381,0.0000530769261583121,"LC",6410.819074,50,"LC","LC"
"75","Dn1",0.0096,0.022,0,0,0,0,0,0,0,0,1.3532,0.023352054389595,0.0162577593851611,0,0,"LC",12.67384286,0,"LC","LC"
"76","Dn3",0.0352,0.8484,0,0,0,0,0,0,0,0,122.5984,0.00720727187304239,0.00692015556483608,0,0,"LC",262.5722186,5,"LC","LC"
"77","Dn4",0.0536,0.0744,0.0188,0,0,0,0,0,0,0,194.7612,0.000753743558778648,0.000478534738952112,0,0,"LC",386.1980345,8,"LC","LC"
"78","Dn5",0.0776,0,0,0,0,0,0,0,0,0,384.4044,0.000201870738212154,0,0,0,"LC",845.8349561,12,"LC","LC"
"79","FFa1",1.2748,2.3756,0.1148,0.1324,0.5816,0.0844,0.2288,0.1748,0.0308,0.0984,52.9628,0.0962260303458276,0.0721563059354868,0.0251346227918464,0.0100598910933712,"LC",887.8102549,12,"LC","LC"
"80","FFa2",3.5424,3.0124,2.7388,1.756,2.8776,1.5496,3.2592,5.2644,1.1288,12.1152,168.948,0.220448895518148,0.199481497265431,0.165440253805905,0.128842010559462,"LC",2080.24014,16,"LC","LC"
"81","FFa3",2.5924,1.3276,0.7352,2.3108,3.0696,1.7168,2.7512,3.1728,0.8424,6.5612,136.9996,0.183066227930592,0.164143544944657,0.149086566676107,0.0972820358599587,"LC",2354.29011,21,"LC","LC"
"82","FFa4",0.0028,0.7704,0.1148,0.0004,0.0144,0,0.0168,0.2312,0.0188,0.5304,5.122,0.331901600937134,0.331354939476767,0.158531823506443,0.155642327215931,"LC",95.44640343,3,"LC","LC"
"83","FFb1",1.0184,0.3924,0.2788,0.5608,0.5176,0.1512,0.0704,0.0772,0.0312,0.184,258.2252,0.0127098362204773,0.00876599185517138,0.00616671029783305,0.00140497519219658,"LC",8843.675429,53,"LC","LC"
"84","FFb2",3.4808,2.386,1.8276,3.3052,0.4452,0.2952,1.284,0.752,1.0104,2.1956,128.2068,0.132457872749339,0.105307986783852,0.072442335351947,0.0408870668326485,"LC",13057.50438,47,"LC","LC"
"85","FFb3",0.1168,0.0524,0,0,0,0,0.0568,0.0244,0,0.1968,97.7068,0.00457695881965227,0.00338154560378602,0.00284524720899671,0.00284524720899671,"LC",6889.757159,36,"LC","LC"
"86","FFb4",2.4344,1.1784,0.2044,0.3944,0.2948,0.1732,0.492,1.3252,0.3096,3.0588,54.0568,0.182496929155999,0.137462816888902,0.111882316378328,0.0959287268206775,"LC",6731.781133,26,"LC","LC"
"87","FFb5",0.542,0.4288,0.0076,0.2468,0.0412,0.0228,0.056,0.1884,0.0052,0.1904,95.8256,0.0180452822627774,0.0123891736654923,0.00783506703845319,0.00459167487602478,"LC",4529.078702,35,"LC","LC"
"88","FFb6",0.5552,0.3972,0.4208,0.4892,0.6008,0.1828,0.3264,1.2136,0.968,2.6532,29.268,0.266748667486675,0.247779144458111,0.21983053163865,0.176342763427634,"LC",4361.308655,11,"LC","LC"
"89","FFc1",10.298,4.65,4.6268,9.5236,12.2456,8.3376,14.9784,11.2296,4.0656,26.7784,388.6148,0.274651402880179,0.248152154781547,0.224280701609923,0.146808613567986,"LC",3617.497062,34,"LC","LC"
"90","FFd1",0.4252,0.066,0,0,0,0,0.6672,0,0,1.4756,1106.6752,0.00238010212933298,0.00199588822447634,0.00193625013011948,0.00193625013011948,"LC",6299.96488,50,"LC","LC"
"91","FFd10",0.086,0.506,0.2108,0.1808,0.3644,1.0708,0.6048,1.5816,0.774,2.3,29.776,0.257898979043525,0.255010746910263,0.230937667920473,0.176665771090811,"LC",400.3505995,7,"LC","LC"
"92","FFd11",2.774,0.1204,1.0652,10.4636,2.2668,3.7884,4.374,2.4572,1.7904,9.6928,60.0188,0.646344145501076,0.600125294074523,0.580371483601805,0.305144388091731,"LC",983.3356171,5,"CR","EN"
"93","FFd2",20.2428,27.6536,7.6816,6.3448,2.9332,1.7996,6.3872,0.4472,0.1548,0.676,756.9556,0.0981838300687649,0.0714414425363918,0.0247607653606103,0.0101263535139974,"LC",5498.405133,47,"LC","LC"
"94","FFd3",6.8616,3.84,3.9128,6.5696,8.1028,6.2352,7.4132,9.0236,2.4492,7.926,638.2968,0.0976567640633636,0.0869069060036021,0.0747608322648649,0.0420055372359692,"LC",2228.450893,26,"LC","LC"
"95","FFd4",5.512,4.4508,4.934,5.0984,12.5468,5.5776,17.5988,23.2236,9.8524,46.7828,330.844,0.409791926104146,0.393131506087461,0.364765267014061,0.294572668689775,"LC",2999.305885,26,"EN","VU"
"96","FFd5",1.9104,2.5336,1.6308,1.9212,8.5236,4.7476,5.2788,2.9016,1.5932,5.7008,88.866,0.413449463236783,0.391951927621363,0.345090360767898,0.174131838948529,"LC",1632.336265,12,"CR","EN"
"97","FFd6",1.1584,1.0024,0.7968,0.1404,1.302,1.4084,1.2128,1.4796,0.504,3.278,51.4168,0.238886900779512,0.216357299559677,0.181364845731356,0.125919932784615,"LC",1823.977395,9,"LC","LC"
"98","FFd7",0.5688,2.8852,1.1204,3.2644,1.7504,1.3316,1.8004,2.4056,1.4584,3.5364,119.5484,0.168313419502059,0.163555513917376,0.130049419314688,0.0769629706461985,"LC",1247.806155,17,"LC","LC"
"99","FFd8",1.2688,0.2592,0.028,0.006,0.9488,0.346,0.308,0.004,0.066,0.5388,43.4192,0.0869108597118325,0.0576887644175848,0.0510741791649777,0.0211150827283782,"LC",858.792765,7,"LC","LC"
"100","FFd9",1.3816,2.398,2.1584,4.2676,1.5688,1.868,6.0916,3.6656,0.48,6.0576,264.1432,0.113337008107723,0.108106511922321,0.0908567776872545,0.0616892655196121,"LC",2815.361154,27,"LC","LC"
"101","FFf1",3.626,5.424,2.0232,6.4328,5.544,2.72,7.172,9.1668,4.0372,25.4008,233.5072,0.306400830466898,0.290872401364926,0.258979594633485,0.196040207753765,"LC",3002.170287,24,"LC","LC"
"102","FFf2",0.202,0.266,0.3168,0.0752,0.5988,0.148,1.2628,0.046,0.3072,0.4136,19.376,0.187675474814203,0.177250206440958,0.147171758876961,0.104748142031379,"LC",108.751919,3,"LC","LC"
"103","FFg1",0.084,0,0,0,0,0,0.0208,0,0,0,64.0224,0.00163692707552357,0.00032488628979857,0.00032488628979857,0.00032488628979857,"LC",652.4491809,7,"LC","LC"
"104","FFg2",10.628,7.1884,4.6856,2.86,3.6052,4.028,7.1244,7.0896,5.9652,21.76,279.5672,0.268037166019476,0.230021261435533,0.187548467774474,0.150014737065006,"LC",2695.816694,26,"LC","LC"
"105","FFg3",0.0608,0.0212,0,0.1988,0.0596,1.658,1.0188,0.0368,0,0.154,31.2132,0.1027770302308,0.100829136391014,0.100149936565299,0.0387528353388951,"LC",417.5633165,5,"LC","LC"
"106","FFg4",0.46,0.5,0,0.0236,0.0036,0,0.004,0,0.0292,1.5924,14.1344,0.184853973285035,0.152309259678515,0.116934570975775,0.115010187910346,"LC",161.5855108,3,"LC","LC"
"107","FFg5",2.7024,3.0588,2.0052,4.486,5.0076,4.6896,6.3116,16.9512,5.0624,19.9504,177.678,0.395238577651707,0.380029041299429,0.351528045115321,0.271702743164601,"LC",913.7123884,15,"CR","EN"
"108","FFh1",0.3932,0.4412,0.0972,0.4804,0.3216,0.3916,0.1256,0.3752,0.0092,0.3804,198.7996,0.0151690446057236,0.0131911734228842,0.0104829184766971,0.00447888225127214,"LC",1717.98276,19,"LC","LC"
"109","FFh10",8.7188,4.2592,4.0644,3.2224,0.0056,1.1428,1.1752,0.732,0.4048,3.1116,277.9484,0.0965531731789066,0.0651847609124571,0.0352381952909245,0.0195129743506349,"LC",2892.61647,29,"LC","LC"
"110","FFh11",0,0.0016,0,0.002,0,0.04,0,0.708,0.0884,0.0096,5.3668,0.158306625922337,0.158306625922337,0.158008496683312,0.150182604158903,"LC",20.38625867,1,"LC","LC"
"111","FFh3",0.328,0.5464,0.706,0.138,0.002,0.0224,0.0652,0.564,0,0.5488,63.6852,0.0458630890693599,0.0407127558679254,0.0210472762902527,0.0184972332661278,"LC",942.3442757,12,"LC","LC"
"112","FFh4",2.7712,1.9928,4.734,0.7852,1.428,0.744,2.1208,2.1984,0.928,7.3352,203.6124,0.12296697057743,0.109356797523137,0.076319516886005,0.0617958434751518,"LC",3739.40539,26,"LC","LC"
"113","FFh5",0.1616,0.2908,0.1252,0.0652,0.0004,0.4876,0.8716,0.6992,0.074,1.7516,35.8028,0.126448210754466,0.121934597294066,0.110315394326701,0.0948640888422135,"LC",2187.982602,9,"LC","LC"
"114","FFh6",1.0732,2.1036,0.8812,1.6036,1.8236,1.4912,1.314,4.0176,1.2424,6.6504,67.108,0.330821958633844,0.314829826548251,0.270352267985933,0.197061453179949,"LC",1262.866847,12,"LC","LC"
"115","FFh7",1.8916,2.066,3.808,1.2184,0.1192,0.4588,1.692,1.7724,0.4064,5.4004,148.176,0.12710020516143,0.114334305150632,0.0746922578555232,0.062568837058633,"LC",1052.033663,13,"LC","LC"
"116","FFh8",0.038,0.0728,0,0.2024,0.0528,0.0144,0.226,0.9788,0,1.5428,144.4432,0.0216555711864595,0.0213924919968541,0.0208884876546629,0.0190220100357788,"LC",2548.91743,15,"LC","LC"
"117","FFh9",10.6208,7.21,2.7772,14.7944,7.9124,4.32,9.728,12.544,3.2664,45.0696,243.7668,0.485065234478198,0.441495724602366,0.40052542019668,0.289653882317034,"LC",5140.617255,29,"EN","VU"
"118","FFl1",3.4528,10.1564,3.6196,12.4656,7.0584,2.6,20.918,11.462,4.874,23.6784,257.4524,0.389529093533407,0.376117682336618,0.322608761852676,0.236674429914035,"LC",1941.593189,19,"CR","EN"
"119","FFl2",4.9864,20.6108,5.334,24.6216,16.6696,13.7148,36.9852,10.9508,1.572,16.216,661.6104,0.229230374855051,0.221693613038731,0.182478993679664,0.0993394299726848,"LC",1679.06417,21,"LC","LC"
"120","FFl3",3.6032,8.6184,4.4592,6.0984,3.8408,5.3192,2.2788,0.9364,0.0256,0.9104,622.3644,0.0579891780442455,0.0521996438099609,0.0311868737993369,0.00667004732275818,"LC",2439.184831,26,"LC","LC"
"121","FFq2",0.1892,1.1016,0.064,0.2512,0.0252,0,0,0.026,0,0.4032,1617.4104,0.00127388818570723,0.0011569110721682,0.00043625291391721,0.000265362458408824,"LC",3419.42712,39,"LC","LC"
"122","FFq3",0.0124,0,0.1552,0.0052,0,0.0032,0.0104,0.0696,0,0.1824,1249.804,0.000350775001520238,0.000340853445820305,0.000216673974479198,0.000209952920617953,"LC",7718.464975,63,"LC","LC"
"123","FFq4",0.0036,0.0008,0.0656,0,0,0.008,0.0232,0.0588,0,0.1116,91.3208,0.00297413075662938,0.00293470928857391,0.00220760221110634,0.00211999894876085,"LC",1138.182575,12,"LC","LC"
"124","FFq5",0.6408,0.3648,0.396,0,0,0,0.034,0,0,0,388.316,0.00369698905015503,0.00204678663768683,0.0000875575562171015,0.0000875575562171015,"LC",4626.252806,40,"LC","LC"
"125","FFq6",16.932,11.5692,2.256,2.4384,0.0996,1.1436,3.1816,1.1388,0.9928,23.014,668.574,0.0938804081522763,0.0685548645325723,0.047876226117079,0.0423695806298181,"LC",3901.340334,42,"LC","LC"
"126","FFs1",12.2516,16.2996,10.7116,2.7912,4.0592,1.9988,1.4804,2.1256,0.1944,0.8588,800.52,0.0659211512516864,0.0506165992105132,0.0168745315544896,0.00582021685904162,"LC",3631.899032,31,"LC","LC"
"127","FFs10",14.8364,9.8476,6.5368,10.094,1.664,3.5136,5.9652,7.6044,18.3972,11.6744,1008.654,0.0893602761700246,0.0746511687853317,0.0584073428549334,0.0432667693778045,"LC",2437.235578,27,"LC","LC"
"128","FFs11",7.5372,5.6904,3.8752,0.51,1.2924,1.2228,6.3132,2.9892,0.9344,6.21,763.5196,0.0479028960094803,0.038031243729696,0.0255029471411081,0.0215407698767654,"LC",1667.08404,24,"LC","LC"
"129","FFs12",33.998,34.064,10.15,22.7388,8.0252,7.3692,16.9992,13.9472,5.4756,26.2572,1049.864,0.170521515167679,0.13813827314776,0.0960242469500811,0.0597022090480291,"LC",3385.397108,37,"LC","LC"
"130","FFs13",5.984,10.2968,0.0372,10.558,0.2268,0.0864,0.3288,0.6816,0.006,0.974,520.876,0.056020242821708,0.0445319039464287,0.0246922492109446,0.00382125496279345,"LC",1515.09612,19,"LC","LC"
"131","FFs14",1.4336,7.7448,4.702,24.326,1.8528,0.64,3.082,1.2544,0.2348,3.048,333.1052,0.145054475282884,0.140750729799475,0.103384756527367,0.0228732544553492,"LC",1135.420239,15,"LC","LC"
"132","FFs15",1.6744,1.7996,0.9528,2.9132,1.2068,0.5036,1.5368,1.4136,0.0632,8.2564,906.3568,0.0224198682020149,0.0205724721213544,0.0175356989653523,0.0124343966967534,"LC",7923.451361,52,"LC","LC"
"133","FFs16",23.7924,20.6476,1.9528,7.0584,7.8836,11.3192,11.17,12.6668,4.8904,60.85,1173.312,0.138267741231659,0.117989758904707,0.0987277041400753,0.0763455926471391,"LC",5411.657559,53,"LC","LC"
"134","FFs17",0.8556,0.6752,0.062,1.344,0.6236,0.0348,0.418,2.5096,1.4056,1.3416,100.296,0.0924264178033022,0.083895668820292,0.0765454255404004,0.0565805216558985,"LC",159.5605787,7,"LC","LC"
"135","FFs18",22.2372,24.1756,4.436,9.9224,7.4992,6.7996,4.6452,4.642,3.6436,10.2844,732.3164,0.134211387318378,0.103845824018143,0.0647758264050894,0.0317010516219492,"LC",1785.451017,26,"LC","LC"
"136","FFs19",36.8796,59.942,9.1672,35.2628,10.4068,8.4316,37.1712,34.87,12.5116,50.4768,1047.7296,0.281675348295973,0.246475808261979,0.180514896209862,0.128878290734556,"LC",4173.596256,43,"LC","LC"
"137","FFs2",13.7048,13.9852,4.2412,3.3876,2.9188,2.67,5.0568,0.27,0.0332,0.9028,937.778,0.0503001776539863,0.0356860578942991,0.0162503279027659,0.00667833964968255,"LC",5082.237246,53,"LC","LC"
"138","FFs20",48.0804,57.022,11.4756,35.4016,13.5936,16.1164,32.8508,19.7992,7.3492,48.3864,1567.7116,0.185030971257724,0.154361809914528,0.110669079695526,0.0691361855075895,"LC",3079.756733,46,"LC","LC"
"139","FFs21",0.3648,0,0,0,0,0,0,0,0,0,318.0388,0.00114702985924988,0,0,0,"LC",1079.901515,18,"LC","LC"
"140","FFs22",0.3948,0,0.0196,0.188,0,0,0,0,0,0,385.3768,0.00156314547217165,0.000538693559134852,0.000487834244303238,0,"LC",1177.078043,16,"LC","LC"
"141","FFs23",0.946,0.3168,0,0.0132,0.0008,0,0.2744,0.1476,0.0068,0,846.108,0.00201581831161034,0.000897757733055355,0.000523337446283453,0.000506791095226614,"LC",4474.320015,43,"LC","LC"
"142","FFs24",2.0848,1.2644,0.7288,0.1492,0.1508,0.474,1.0004,1.2368,0,0.906,1082.2572,0.00738752303980976,0.00546117872904888,0.00361947233984676,0.0029043003825708,"LC",4384.958593,49,"LC","LC"
"143","FFs25",0.0132,0,0,0,0,0,0,0,0.006,0.0124,330.9052,0.0000954956283551905,0.0000556050494220097,0.0000556050494220097,0.0000556050494220097,"LC",709.679405,14,"LC","LC"
"144","FFs26",0.0376,0.0532,0.112,0.0024,0.0188,0.056,0.6536,0.1988,0,2.338,287.084,0.012088447980382,0.0119574758607237,0.0113820345264801,0.0111131236850539,"LC",592.6839483,12,"LC","LC"
"145","FFs27",4.558,4.5424,0.2368,2.5052,0.7412,0.8808,1.7972,2.1452,0.3148,13.4968,2155.9756,0.0144799412386671,0.0123658171270584,0.0101490944517183,0.00823478707272939,"LC",8603.635103,69,"LC","LC"
"146","FFs28",15.3824,13.5204,2.2076,13.252,3.792,1.8032,5.4848,6.0608,1.2468,12.4752,3696.5036,0.0203503656806935,0.0161890279235762,0.0119341964119824,0.00683554048209232,"LC",10476.01296,102,"LC","LC"
"147","FFs29",0.8528,2.1188,3.512,5.2268,3.756,3.8036,1.9936,1.3384,0.3152,2.0876,131.6812,0.189888913527519,0.183412666348727,0.140651816660237,0.0435506359298062,"LC",445.7764344,8,"LC","LC"
"148","FFs3",1.3644,1.1852,0.1516,2.8628,0.1576,0.0616,0.8808,0.2328,0.0972,5.5072,469.3428,0.0266355422944594,0.0237284986581237,0.0208802606538334,0.014313631742087,"LC",2787.288284,25,"LC","LC"
"149","FFs30",0.0012,0,0,0,0,0,0,0,0,0,37.4804,0.000032016734079679,0,0,0,"LC",4707.702167,9,"LC","LC"
"150","FFs31",0.0896,0,0,0,0,0,0,0,0,0,50.79,0.00176412679661351,0,0,0,"LC",1118.08715,11,"LC","LC"
"151","FFs32",2.5292,1.624,1.6044,1.1624,0.3192,0.174,0.2276,0.0068,0.046,0.0056,354.3128,0.0217299516133767,0.0145916263821121,0.00547990363317385,0.000807196353053008,"LC",1307.54331,16,"LC","LC"
"152","FFs4",9.524,6.9852,3.6384,4.4836,3.096,2.3248,3.2632,1.3144,0.5084,1.6204,2232.7588,0.0164632202994788,0.0121976453524671,0.00743958550292132,0.00300363836881978,"LC",4973.867617,53,"LC","LC"
"153","FFs5",1.8216,2.6624,3.9428,1.5344,1.694,0.5988,1.4168,1.074,0.2204,1.9932,1051.0576,0.0161346057532908,0.0144014942663466,0.00811715742315169,0.00447587268290529,"LC",2233.630916,30,"LC","LC"
"154","FFs6",1.1864,0.3428,1.2556,1.9536,0.6432,1.412,3.0476,1.2232,0.9576,1.144,370.706,0.0355160153868564,0.0323156355710455,0.0280038628994405,0.0171899025103451,"LC",856.7413311,13,"LC","LC"
"155","FFs7",0.9084,1.5656,0.6072,0.1592,0.158,0.3072,0.1448,0.2204,0.0036,0.6856,371.0828,0.0128273258690513,0.0103793546884954,0.00452405770356373,0.00284141436897641,"LC",1029.757367,13,"LC","LC"
"156","FFs8",3.6876,0.39,1.0056,0.4976,0.6996,0.1656,0.2984,0.314,0.106,1.6012,315.7336,0.0277626454707386,0.0160831789838015,0.0116629969062526,0.00734669987609808,"LC",787.3268006,14,"LC","LC"
"157","FFs9",0.2728,0.2264,0,0.1924,0,0.25,0.176,0.0192,0,0.0004,203.276,0.00559436431256026,0.00425234656329326,0.00313858989747929,0.000962238532832208,"LC",488.4404375,12,"LC","LC"
"158","FFt1",0.388,0.646,0.166,0.0424,0.0396,0.4672,0.3476,1.6636,0.022,0.2392,395.7416,0.0101621866389584,0.00918174889877637,0.00712990496829244,0.00574213072368434,"LC",1202.115011,22,"LC","LC"
"159","FFt2",8.0388,4.9116,2.348,0.576,0,0.4256,0.9064,0.088,0.4156,1.4656,181.5708,0.10560949227519,0.0613358535623569,0.0213536537813349,0.0158373482960917,"LC",957.0193591,11,"LC","LC"
"160","FOa1",0.2336,0.3124,0.2072,0.2604,0.0092,0.1264,0.17,0.0056,0.036,0.0172,133.4168,0.0103285343375047,0.00857763040336749,0.00468306839918211,0.00171492645603852,"LC",78523.07413,34,"LC","LC"
"161","FOa2",0.2864,0.2704,0.1316,0.1816,0.0644,0.006,0.0044,0.0076,0.012,0.0016,72.8692,0.0132566296871655,0.00932629972608455,0.00380956563266785,0.000351314409929024,"LC",17901.17785,22,"LC","LC"
"162","FOa3",0.014,0.0308,0.0104,0.016,0,0,0.012,0,0,0,20.558,0.0040470862924409,0.00336608619515517,0.00136200019457146,0.000583714369102053,"LC",38231.9017,4,"LC","LC"
"163","FOz1",1.4892,2.4524,0.4444,1.4864,0.3364,0.5764,0.7856,0.7028,0.2468,3.3172,632.212,0.0187240988782244,0.0163685599134468,0.0117865526120985,0.0079916230631497,"LC",125260.6447,59,"LC","LC"
"164","FOz2",1.0548,2.0528,0.304,0.926,0.2368,0.1656,0.2044,0.112,0.0412,0.3356,182.4208,0.0297838842938963,0.0240016489347706,0.0110820695885557,0.00380000526255778,"LC",181409.8919,61,"LC","LC"
"165","FOz3",1.1352,1.6908,0.3888,0.7844,0.4188,0.4156,0.9036,0.8044,0.3156,1.9724,884.3512,0.00998426869325218,0.00870061577346195,0.00634906132314854,0.00451856683181976,"LC",151896.5129,183,"LC","LC"
"166","FOz4",0.5804,0.7324,0.266,0.3772,0.0592,0.0248,0.0988,0.0896,0.094,0.0984,288.9104,0.00837906838936916,0.00637014105411228,0.00291439837402876,0.00131805570169852,"LC",47077.72723,50,"LC","LC"
"167","FOz5",3.4588,1.828,0.9988,1.34,0.3892,0.408,0.8756,0.2672,0.1488,0.3808,946.1864,0.0106693564819786,0.00701383997909926,0.00402626797425962,0.00176751642171141,"LC",178728.6377,182,"LC","LC"
"168","FOz6",0.0492,0.0624,0.022,0.07,0.0184,0.0104,0.0524,0.2236,0.012,0.094,150.9288,0.00407079364574554,0.00374481212333233,0.00318560804829827,0.00253099474719205,"LC",51589.81548,14,"LC","LC"
"169","FOz7",0.9,1.176,0.7188,0.6136,0.364,0.2328,0.1904,0.1756,0.1404,0.1412,514.9484,0.00903546840809681,0.00728772047840133,0.00360812850374911,0.0012576017325231,"LC",25652.53,82,"LC","LC"
"170","FOz8",0.0668,0.1744,0.0496,0.0724,0,0.0424,0.0068,0.01,0.0024,0,244.2452,0.00173923581712148,0.00146574016602987,0.000548629000692746,0.0000786095284574681,"LC",4701.764351,33,"LC","LC"
"171","FRa1",0.8144,1.2356,1.0128,0.5048,2.118,0.3968,2.1488,2.0408,1.1516,9.4952,174.4068,0.119942571046542,0.115273028345225,0.102381329168358,0.0850677840542915,"LC",2225.363994,24,"LC","LC"
"172","FRa2",0.0428,0.0588,0.0992,2.1456,0.5992,0.0916,0.8532,0.6076,0.1564,1.0264,36.5332,0.155496917871963,0.154325380749565,0.150000547447253,0.0723615779619634,"LC",723.0662765,8,"LC","LC"
"173","FRc1",0.036,0.0212,0.0192,0.0612,0.1496,0.1808,0.4704,0.1928,0.0148,0.2476,12.802,0.108857990938916,0.106045930323387,0.102890173410405,0.0723012029370411,"LC",5168.441968,1,"LC","LC"
"174","FRc2",0.53,0.3652,0.0588,0.1752,0.0588,0.3088,0.3068,0.2192,0.07,0.12,28.494,0.0776584544114551,0.0590580473082052,0.0441777216256054,0.0251280971432582,"LC",6229.923698,10,"LC","LC"
"175","FRd1",1.8588,0.102,0.582,0.2596,0,0.2824,0,0,0,0,197.2376,0.0156400199556271,0.00621585336670087,0.0027479547510211,0,"LC",3622.143145,20,"LC","LC"
"176","FRd2",0.216,0.8896,0.0412,0.1324,0,0.0016,0.2784,0,0,0,565.3256,0.00275805659605721,0.00237597589778351,0.00072949111096331,0.000492459566663884,"LC",2005.234376,24,"LC","LC"
"177","FRg1",1.0164,1.0564,0.9904,0.1364,0,0,0.1216,0,0,0,252.788,0.013138281880469,0.00911752140133234,0.00102061806731332,0.000481035492191085,"LC",6593.15449,26,"LC","LC"
"178","FRg2",2.9884,6.1992,1.0264,3.9272,3.8296,1.5764,5.1316,4.2724,1.5316,7.5296,153.8836,0.247020475216332,0.22760060201347,0.18064563085345,0.119994593315987,"LC",3605.80829,29,"LC","LC"
"179","FRg3",0.0032,0.104,0,0.0232,0,0.0272,0.2192,0,0,0.0028,18.8332,0.0201558949089905,0.0199859822016439,0.0144638192128794,0.0117876940721704,"LC",25.58366204,1,"LC","LC"
"180","FRl1",1.3664,0.81,0.7136,0.4,1.3768,0.5256,2.346,2.6064,0.1928,0.8024,432.6812,0.0257464387174668,0.0225884554263046,0.0190671561417506,0.0137459173174152,"LC",1159.866766,19,"LC","LC"
"181","FRs1",6.6652,9.3228,2.0364,1.534,0.0012,0.0168,0.02,0.0072,0.0288,1.1272,196.0464,0.105891258395972,0.0718931844706151,0.0139517991659117,0.00603530592757633,"LC",2154.65089,20,"LC","LC"
"182","FRs10",0,0.0112,0,0.0256,0,0,0,0,0,0,2.5132,0.0146426866146745,0.0146426866146745,0.0101862167754258,0,"LC",44.58345309,1,"LC","LC"
"183","FRs11",1.1948,2.4136,1.248,1.466,1.1708,0.828,1.7784,3.9832,1.32,5.316,153.0492,0.13537346160581,0.127566821649509,0.103642488820588,0.0810040170089096,"LC",1846.579477,24,"LC","LC"
"184","FRs12",0.9724,3.1888,0.4208,1.652,1.5496,2.1104,2.3276,1.3816,0.9348,4.152,195.7052,0.0955007838320086,0.090532086015088,0.0720880181006943,0.0449451521983064,"LC",4180.985879,33,"LC","LC"
"185","FRs13",10.38,6.336,3.4996,5.8232,4.1672,4.3724,5.2536,3.568,1.6776,3.9188,397.7656,0.12317907833156,0.0970833073548844,0.0723561816305885,0.036247478414423,"LC",4591.980171,49,"LC","LC"
"186","FRs14",7.64,5.1956,5.0748,6.304,3.4264,2.7184,7.7532,7.0012,3.6092,13.6592,326.5452,0.19103634045149,0.167639885688107,0.136188190792576,0.0980654439262926,"LC",1844.316858,24,"LC","LC"
"187","FRs15",0.3932,0.0748,0,0.0928,0.066,0.12,0.0288,0,0,0.0604,264.244,0.00316374260153494,0.00167572395210487,0.00139265224565175,0.000337566794326456,"LC",1248.264085,20,"LC","LC"
"188","FRs16",5.5372,2.1292,0.1344,0.07,0.146,0.2344,0.3748,0.2048,0.0236,1.0236,1104.1168,0.00894651725252256,0.00393146812003947,0.00188132270064182,0.00147339484373392,"LC",5903.943571,47,"LC","LC"
"189","FRs17",0.8636,1.1388,0.654,1.076,0.1984,0.292,0.6312,0.5608,0.662,2.9644,64.1688,0.140897133809577,0.127438879954121,0.0995000685691489,0.0750894515714802,"LC",3237.255399,22,"LC","LC"
"190","FRs18",0,0.002,0,0,0,0,0,0,0,0,118.6764,0.0000168525502964364,0.0000168525502964364,0,0,"LC",424.8912812,9,"LC","LC"
"191","FRs19",0.8988,2.8556,0.4728,1.758,0.374,0.5548,2.0088,1.1988,0.0308,3.7996,155.8908,0.0894985464183903,0.0837329720547973,0.0623821290287817,0.0451469875066393,"LC",2107.5874,17,"LC","LC"
"192","FRs2",0.6548,0.3308,0.0588,0.202,0.2004,0.112,0,0,0.1528,0,104.3384,0.0164043151898055,0.0101285816152059,0.0063945776435138,0.00146446562339465,"LC",717.4438879,9,"LC","LC"
"193","FRs20",0.652,0.036,0.0148,0.2368,0,0,0,0.1052,0,0,11.4372,0.0913510299723709,0.0343440702269786,0.0299024236701291,0.00919805546812157,"LC",417.2272384,5,"LC","LC"
"194","FRs3",0.2824,4.5348,0.2628,0.056,0,0.4428,0.4684,0.3916,0,0,3148.2664,0.00204518906023963,0.00195548890017694,0.000431602611519788,0.00027316620982265,"LC",12844.59637,81,"LC","LC"
"195","FRs4",0.3844,0.7736,1.0344,0.7616,0.3064,0.6868,0.3876,0.2252,0.3632,2.1948,211.3784,0.0336742070145294,0.0318556673718791,0.0233022863263228,0.0150005866256912,"LC",1760.893134,17,"LC","LC"
"196","FRs5",0.0088,0.3124,0.0724,0,0.3424,0,0.1836,0.0696,0,0,1199.1376,0.000824926180281562,0.00081758757293575,0.000496690288087039,0.000211151747722697,"LC",3289.691308,32,"LC","LC"
"197","FRs6",1.1416,0.3284,0.2392,0.052,0.2896,0.2088,0.0792,0.7756,0.0428,0.8844,1809.988,0.00223294298083744,0.00160222056720818,0.00128862732791599,0.000984536914056889,"LC",6248.108058,65,"LC","LC"
"198","FRs7",0.73,0.7456,0.9916,0.7912,0.5336,0.416,2.1084,1.3296,0.2352,4.3564,1293.4608,0.00946112939796861,0.00889675203144927,0.00755368852306927,0.00620784178384069,"LC",8781.296478,57,"LC","LC"
"199","FRs8",0.6808,0.7132,1.0292,0.4904,2.2192,1.188,1.5172,2.3856,0.5904,5.0072,616.4812,0.0256637185367534,0.024559386401402,0.0217330228399504,0.0154106889228739,"LC",4785.752309,37,"LC","LC"
"200","FRs9",4.5364,8.1356,3.094,9.7996,9.5056,4.5636,7.8976,9.508,2.1344,19.4632,486.2376,0.16172751757577,0.152397922332621,0.129303040324319,0.080214282071152,"LC",10531.74819,91,"LC","LC"
"201","FS1",21.9832,5.0632,0.7156,0.088,0.7312,0.3808,0.5804,0,0.008,0,235.792,0.12532401438556,0.0320926918640157,0.00758465087874058,0.00249541969193187,"LC",1253.141566,15,"LC","LC"
"202","FS10",7.492,30.7836,6.1848,20.9204,6.142,9.136,26.4712,12.1216,1.5116,22.2448,305.542,0.468046946082699,0.443526585543068,0.322533726950796,0.204060980159847,"LC",8530.91948,33,"EN","VU"
"203","FS11",0.0004,0.37,0.1108,0.57,0.0052,0,1.142,0.6384,0.1932,1.0196,39.448,0.102656661934699,0.10264652200365,0.0904583248833908,0.0758771040356925,"LC",85.69274714,5,"LC","LC"
"204","FS12",2.776,4.9852,4.2888,8.2808,3.902,4.7028,2.1676,1.1448,5.7352,8.026,91.0064,0.50556004852406,0.47505669930906,0.373151778336469,0.187608783558079,"LC",4956.790609,10,"EN","EN"
"205","FS13",0,0.092,0.3476,0.4904,0.6184,0.0288,1.0212,0.4808,0.3136,2.9084,35.1444,0.179294567555571,0.179294567555571,0.166786173615142,0.134416862999511,"LC",801.0552353,4,"LC","LC"
"206","FS14",0.3548,0.698,4.8368,8.0508,4.2268,0.094,11.9888,8.7044,0.32,14.5836,84.9324,0.634127847558764,0.629950407618294,0.564783286472536,0.419119205391582,"LC",1119.904783,8,"CR","EN"
"207","FS2",0.0872,0.066,0.138,0.058,0.12,0.2388,0.0956,0.0424,0,0,78.3044,0.0108039905803505,0.00969038776875884,0.00708517018200765,0.00176235307339051,"LC",1102.319439,13,"LC","LC"
"208","FS3",10.016,8.8936,6.2092,9.6444,3.8124,2.93,2.0112,0.592,0,0.6544,580.8488,0.0770651501733325,0.0598214199633364,0.0338201611159393,0.00560834420248436,"LC",5158.496452,42,"LC","LC"
"209","FS4",0.062,0,0.0184,0.0016,0.0064,0.0044,0,0.0112,0,0,49.5296,0.00209975449024422,0.000847977774906319,0.000476482749709265,0.000226127406641685,"LC",793.4973066,10,"LC","LC"
"210","FS5",4.5108,1.8992,0.1392,4.7784,1.2284,1.9628,3.3712,0,0.2708,0.7032,293.0008,0.0643820767724866,0.0489868969641039,0.0420299193722338,0.0148299936382426,"LC",4473.393093,33,"LC","LC"
"211","FS6",2.6684,11.8532,2.1308,8.3752,5.5316,4.81,2.2612,8.7564,1.2292,38.3768,183.1524,0.46951500499038,0.454945717337037,0.378594001498206,0.276401510436118,"LC",2792.449494,19,"EN","EN"
"212","FS7",0.4244,0.9624,0.7636,3.192,0.5908,2.5036,2.5836,0.504,0.7632,5.2964,37.4948,0.468971697408707,0.45765279452084,0.411619744604585,0.243959162337177,"LC",6173.867055,8,"EN","EN"
"213","FS9",0.1536,0.6676,0,0.0916,0.2264,0.716,1.2032,0.7388,0.8048,2.5448,12.3604,0.578201352707032,0.565774570402252,0.511763373353613,0.428109122682114,"LC",234.5165512,2,"CR","CR"
"214","Gd1",135.092,99.3596,26.664,64.9972,37.0944,30.4812,59.6772,52.4328,14.1888,94.1944,4202.9276,0.146131853425217,0.113989496273978,0.0840047780028378,0.0524618125708375,"LC",13760.36291,120,"LC","LC"
"215","Gd10",0,0.0004,0,0,0,0,0,0,0,0,2753.284,0.000000145281053461975,0.000000145281053461975,0,0,"LC",11951.10056,90,"LC","LC"
"216","Gd2",3.452,1.3876,0.306,1.6624,0.3592,0.0084,0.6592,0.3656,0.1968,0.8564,153.586,0.0602502832289401,0.0377742763012254,0.0267472295651947,0.013529879025432,"LC",1628.709932,19,"LC","LC"
"217","Gd3",6.2928,10.9968,1.5392,1.9388,2.4368,5.1624,2.5876,0.806,0,0,2409.262,0.0131826260489727,0.0105707058842085,0.00536745277184466,0.00140856411631446,"LC",5034.783727,54,"LC","LC"
"218","Gd4",21.594,31.2384,8.8216,32.9816,7.0152,15.5556,15.858,8.4052,2.7536,41.3308,5993.8588,0.0309573525489122,0.0273546650781964,0.0206711576188615,0.0114029379537603,"LC",27746.50666,174,"LC","LC"
"219","Gd5",0.8056,2.8252,0.0608,1.3988,0.1308,2.45,1.9816,0.6636,0.2184,4.8736,1116.0928,0.0138056620381388,0.013083858259815,0.0104980517749062,0.0069323984528885,"LC",6787.27755,47,"LC","LC"
"220","Gd6",0.0076,0,0,0.0328,0,0,0,0.0056,0,0.1196,21.5476,0.0076853106610481,0.00733260316694203,0.00733260316694203,0.0058103918765895,"LC",7312.49147,9,"LC","LC"
"221","Gd7",2.246,11.27,0.1468,0.4936,0.0288,0.0264,0.0164,0.008,0,0.274,1345.922,0.0107807138898094,0.00911196934146258,0.000629456981905341,0.000221706755666376,"LC",8340.146353,44,"LC","LC"
"222","Gd8",3.1328,9.35,1.0464,0.74,0.524,1.8408,0.808,0.3608,0.012,0.584,17291.3664,0.00106404546490901,0.000882868342897413,0.000281620311972569,0.00010206249518835,"LC",46169.09771,357,"LC","LC"
"223","Gh1",80.6164,33.7784,34.4984,8.9008,9.086,4.5276,3.7348,4.1268,0.7988,0.9856,8138.5332,0.0222464657390597,0.012340946154769,0.00395162115944922,0.00118522585863507,"LC",52010.78122,232,"LC","LC"
"224","Gh10",62.1148,38.0052,14.9804,19.2348,3.7752,27.968,4.604,0.5872,0.6604,1.7784,5813.4168,0.0298806030904235,0.0191958711785468,0.0100815066279094,0.00131248115566047,"LC",62463.69551,417,"LC","LC"
"225","Gh11",0.8752,0.0128,0.232,7.5152,0.1796,0.4244,2.718,0.2744,0.0008,0,416.9716,0.0293362905291392,0.0272373466202494,0.0266502562764467,0.00717842654032073,"LC",1684.969493,20,"LC","LC"
"226","Gh12",1.9684,0.7676,0.4,0,0,0,0.7576,0.0208,0,0,221.1288,0.0177019004308801,0.00880030100104554,0.00352012040041822,0.00352012040041822,"LC",449.7492844,9,"LC","LC"
"227","Gh13",62.6164,16.8216,3.3084,4.1516,1.5448,0.2832,3.0164,0.2592,0.6276,0.7544,2123.7648,0.0439707824519928,0.0144871032799866,0.00500865255888976,0.00219308654140986,"LC",14437.17915,66,"LC","LC"
"228","Gh14",33.5456,27.342,10.1336,7.9288,0.3552,1.9592,2.4304,0,0.006,0,3675.5048,0.02277259983445,0.0136457990750005,0.00344975743195873,0.000662874933532939,"LC",21087.15852,147,"LC","LC"
"229","Gh15",16.6456,29.7804,10.4456,2.3184,2.1216,1.3952,3.19,2.1256,1.0256,4.4308,5468.9772,0.0134355652460939,0.0103919248374266,0.00303661898608756,0.00196965531324577,"LC",29449.71486,158,"LC","LC"
"230","Gh2",18.0368,16.0988,8.006,5.9248,3.7804,4.0708,6.6028,3.4616,0.6656,3.432,5660.4316,0.0123806106940679,0.00919413989562209,0.00493566603649093,0.00250192935817827,"LC",15310.06295,130,"LC","LC"
"231","Gh3",27.984,15.5296,2.1688,7.4572,2.1304,1.7896,1.0744,0.44,0.2408,0.9128,12357.1816,0.00483343224477659,0.00256883818879865,0.00113660221680322,0.000215906837526771,"LC",22593.86346,204,"LC","LC"
"232","Gh4",24.9904,14.3916,3.6692,2.6676,2.5972,2.9576,2.8924,2.1168,1.4288,1.1804,9249.242,0.00636722447093502,0.00366533819744364,0.00171265926440242,0.000823678307908907,"LC",58590.36547,417,"LC","LC"
"233","Gh5",6.4872,2.5612,1.1356,0.6336,0.2552,0.4432,0.7556,0.1768,0.03,0.436,2576.7764,0.00501184348009396,0.00249427928632069,0.00105961852180888,0.000542693576361534,"LC",7471.390087,79,"LC","LC"
"234","Gh6",25.212,23.4288,11.382,14.424,1.4124,3.0728,6.2492,5.9068,0.9692,7.084,10488.0812,0.00945274908817449,0.00704887753920135,0.00372979568464821,0.00192687295365333,"LC",34033.37531,254,"LC","LC"
"235","Gh7",4.5932,1.3204,1.3796,1.7496,0.9784,1.0736,0.074,0.034,0,0.1892,1286.1452,0.00885747581221778,0.00528618386166663,0.00318688745252091,0.000231078108443743,"LC",22925.06983,110,"LC","LC"
"236","Gh8",0.044,0.1576,0,0.0424,0.3956,0.5988,0,0,0,0,66.1308,0.0187265237982907,0.0180611757305219,0.0156780199241503,0,"LC",12589.27845,16,"LC","LC"
"237","Gh9",1.0848,0.6248,0.4304,0.4212,0,0,0,0,0,0,5306.9972,0.000482608131016161,0.000278198752394292,0.0000793669158144647,0,"LC",15417.29212,122,"LC","LC"
"238","Gm1",15.6748,12.7028,4.9008,4.2608,2.1916,1.1956,3.2316,4.7192,0.202,0.7996,2813.2064,0.017730231240765,0.0121583684723595,0.00590088235260662,0.00318227628090139,"LC",11927.0771,94,"LC","LC"
"239","Gm10",7.84,13.0476,3.5424,3.5408,2.5616,0.6696,0.8696,1.528,1.1164,0.7308,183.1432,0.193546907556491,0.15073887537184,0.0601540215525337,0.023177491711404,"LC",1196.296317,18,"LC","LC"
"240","Gm11",39.8108,31.0652,7.9272,26.534,10.762,8.9732,13.4712,12.3968,1.5924,38.7368,4209.3672,0.0454390389130224,0.035981370311433,0.0267181252326953,0.015726164255758,"LC",51640.2252,198,"LC","LC"
"241","Gm12",13.498,12.5184,3.7684,14.4868,9.1804,6.9832,14.264,19.2796,4.9216,30.7452,3707.4124,0.0349692955658238,0.0313284812879193,0.0269354442467744,0.0186681147206607,"LC",23004.02852,176,"LC","LC"
"242","Gm13",2.1524,1.5928,1.4448,1.348,1.3284,0.8788,0.7716,1.578,0.4856,3.8124,2126.2596,0.00723937942478896,0.00622708534743359,0.00479847333787464,0.00312642915286544,"LC",7256.956417,74,"LC","LC"
"243","Gm14",9.038,13.6676,5.5984,9.8404,5.0804,5.6508,9.808,8.594,1.626,30.0492,2950.1124,0.03354204402517,0.0304784319404237,0.0239478333096732,0.0169746752699999,"LC",7449.258226,67,"LC","LC"
"244","Gm15",24.1256,26.3028,6.8376,22.6692,7.8252,7.058,11.4292,14.712,2.6356,30.8956,1967.0736,0.0785383932761845,0.066273676795825,0.0494261119665273,0.0303356214022699,"LC",11686.37436,101,"LC","LC"
"245","Gm16",42.6636,37.6008,13.2628,22.2492,5.8588,15.4212,30.5256,7.4404,7.2048,55.3704,5328.8756,0.0445868167761319,0.0365807000636307,0.0270357971951907,0.0188672447148138,"LC",18471.99954,155,"LC","LC"
"246","Gm17",8.2464,8.1604,12.5616,2.7812,3.8512,0.7444,1.2536,0.1576,0.0896,5.8684,805.2008,0.0542900603178735,0.0440486397927076,0.0183134442986147,0.00915200282960474,"LC",2997.310435,30,"LC","LC"
"247","Gm19",12.6796,7.438,3.4404,11.6684,1.4696,3.5708,3.5152,0.9692,0.0912,8.182,847.0616,0.0625980448175198,0.0476291216601012,0.0347866081994509,0.0150610061889242,"LC",2594.081203,32,"LC","LC"
"248","Gm2",7.1356,1,0.4556,0.372,2.7092,0.4296,0.0224,0.6972,0.0012,0.1276,2818.7752,0.00459433586615917,0.00206288177929194,0.0015464872828454,0.000300981788118471,"LC",13760.53633,105,"LC","LC"
"249","Gm21",12.1556,12.6224,2.9504,3.2696,2.4004,3.0732,1.164,0.6728,0.4,3.1532,1192.6756,0.035098898644359,0.0249070241732119,0.0118499950866774,0.00451925066631698,"LC",3456.909643,39,"LC","LC"
"250","Gm22",9.2548,5.6388,3.7524,2.7048,1.354,0.9536,2.03,0.54,0.4768,6.9416,352.086,0.095564151940151,0.0692785285413223,0.0426054997926643,0.0283692052509898,"LC",3102.104281,25,"LC","LC"
"251","Gm23",16.5132,26.0956,11.6212,6.854,2.7888,1.0524,4.91,1.9832,4.0688,5.2836,759.7868,0.106833653861847,0.0850996621683872,0.0354583680579868,0.0213817876277924,"LC",12576.35682,48,"LC","LC"
"252","Gm24",0.142,0.0816,0,0.016,0,0,0,0,0,0,9.3328,0.0256728955940339,0.010457740442311,0.00171438367906738,0,"LC",5185.150507,4,"LC","LC"
"253","Gm25",4.8984,4.4324,8.1936,10.172,0.1108,1.5704,2.4268,1.3316,1.2796,3.9708,103.7852,0.369863911232045,0.322666430281004,0.201011319533036,0.0868023571761677,"LC",885.1880331,12,"LC","LC"
"254","Gm26",2.5148,0.8396,1.872,0.5712,2.6552,2.0228,0.5184,1.8924,0.566,1.386,242.2212,0.0612597080684928,0.0508774624186487,0.0396827362757678,0.0180116356454348,"LC",1116.678628,13,"LC","LC"
"255","Gm27",2.6348,0.4584,0,0.6572,0.938,0.9484,1.3908,0,0.0736,0.0088,261.144,0.0272263578715192,0.0171369053089483,0.0153815519406917,0.00564133198541801,"LC",1993.071714,20,"LC","LC"
"256","Gm28",0.2816,0.0148,0.0112,0.0268,0.0016,0,0,0.1144,1.612,0,91.556,0.0225261042422124,0.0194503910175193,0.0191664118135349,0.0188562191445673,"LC",808.2269192,10,"LC","LC"
"257","Gm29",0.3128,1.5076,0,0.0244,1.036,0,0.1256,0.1796,0,0.0904,502.7088,0.00651749084161646,0.00589526182951243,0.00289630895659674,0.00078693669177862,"LC",20180.11738,40,"LC","LC"
"258","Gm3",35.2064,41.8232,16.8176,16.6444,8.2152,18.0668,28.3888,16.6568,0.7704,21.1184,6008.3952,0.0339038950034445,0.0280443603310248,0.0182845495915448,0.0111401460409928,"LC",30463.63981,239,"LC","LC"
"259","Gm30",71.8988,50.9904,17.358,29.47,4.3108,9.7352,12.8932,6.3216,1.1868,43.4992,2611.3308,0.0948420629052436,0.0673086688212769,0.0411348880042314,0.0244705879469579,"LC",5659.921898,61,"LC","LC"
"260","Gm31",7.2136,4.0628,0.8128,3.4436,0.7424,0.7592,0.5284,1.4456,0.1688,5.1992,536.1616,0.0454646509559804,0.03201049832737,0.0229169713011898,0.0136936326659723,"LC",1690.665584,22,"LC","LC"
"261","Gm4",9.7244,16.47,5.08,10.286,4.4756,8.2068,21.2524,21.3476,1.108,24.1908,7447.7704,0.0163997536766171,0.0150940743286071,0.0122005909312135,0.00911666127623913,"LC",35443.33609,258,"LC","LC"
"262","Gm5",28.9648,24.5456,9.7264,13.6104,6.6712,6.522,14.3592,15.1908,0.6868,16.5036,2462.3852,0.0555480921506513,0.0437851884424906,0.0298669761335473,0.0189817580125157,"LC",37148.60795,228,"LC","LC"
"263","Gm6",3.7084,2.254,0.5928,2.4532,0.0796,0.5092,1.4496,0.1836,0.194,1.004,5464.9784,0.00227419014135536,0.00159561472374712,0.00107469775177885,0.000518062431866153,"LC",13921.41552,138,"LC","LC"
"264","Gm7",0.0232,0.0084,0,0,0,0,0,0,0.0048,0,27.6196,0.00131790467638923,0.000477921476053238,0.000173789627655723,0.000173789627655723,"LC",13754.86264,9,"LC","LC"
"265","Gm8",19.146,17.2308,5.8868,8.4092,6.7048,4.3208,9.7004,7.746,0.246,11.3156,5504.348,0.0164790452929212,0.0130007041705939,0.00880082436648264,0.00527001563127913,"LC",26759.68416,214,"LC","LC"
"266","Gm9",4.7472,2.248,1.9328,1.2084,0.4248,0.0404,0.0532,0.032,0.002,0.5508,435.8432,0.0257881733614291,0.0148961828474093,0.00530374226327266,0.00146382919361826,"LC",5385.283129,38,"LC","LC"
"267","Gs1",6.2168,2.3012,0.9296,2.0708,1.092,0.8904,2.712,0.2832,0.4988,2.9748,281.4492,0.0709527687412151,0.0488642355352227,0.0373850769517199,0.0229838990482119,"LC",3870.448132,23,"LC","LC"
"268","Gs10",46.262,73.3064,25.3332,55.572,28.7676,25.2452,148.7236,59.0972,33.8488,234.5608,7576.2196,0.0964487354616806,0.0903425238624287,0.0773228906934007,0.0628585792312567,"LC",54121.64895,266,"LC","LC"
"269","Gs11",15.6376,21.0168,6.4612,8.3556,4.8644,13.3048,20.4452,10.6668,6.4128,20.0952,1020.7256,0.124676406666003,0.109356324559705,0.0824362590690387,0.0564500390702457,"LC",5757.899612,49,"LC","LC"
"270","Gs12",28.5384,49.4408,20.6936,41.1556,16.2316,31.8696,101.7792,23.232,15.004,99.3868,4698.084,0.0909586972050734,0.0848842208866423,0.0699559224568994,0.050957369004045,"LC",16700.91936,166,"LC","LC"
"271","Gs13",0.0416,0.2024,0.5464,0.0712,0,0.4116,0.4252,0.0492,0.074,0.3692,148.2664,0.0147761057124203,0.0144955296682188,0.0094451608725915,0.00618886005190657,"LC",1438.42379,16,"LC","LC"
"272","Gs14",10.0412,10.676,3.6676,13.6044,2.5876,4.286,16.9488,10.4844,8.2464,19.946,2135.8588,0.0470482412039597,0.0423469940990481,0.03563138162504,0.0260436691788802,"LC",11307.13894,96,"LC","LC"
"273","Gs15",36.3892,24.4616,12.1912,25.4012,12.242,7.0836,21.3764,21.3932,2.6184,21.056,3708.014,0.0496796398287601,0.0398659767735505,0.0299812244506089,0.017919026195694,"LC",13583.55945,124,"LC","LC"
"274","Gs16",42.4256,15.9588,4.886,11.9896,1.4036,2.518,1.8192,0,0,0.0416,2980.22,0.027193428673051,0.0129577011093141,0.00596331814429807,0.000624383434779983,"LC",6853.747227,73,"LC","LC"
"275","Gs17",59.0252,27.0364,9.5176,16.238,6.6304,0.6588,10.4744,1.0324,0,8.3688,4170.7988,0.0333226335444424,0.0191706202658349,0.0104063518959486,0.00476541807770732,"LC",27218.58012,200,"LC","LC"
"276","Gs18",37.3708,5.2784,1.218,0.35,0,0.6056,0.4132,0,0,0.1156,1407.3916,0.0322238671880662,0.00567063211120487,0.00105471710929638,0.00037573053583665,"LC",5358.444453,42,"LC","LC"
"277","Gs19",48.816,56.0732,42.3196,51.1852,22.2572,27.7188,26.412,25.0628,15.1652,30.0436,1334.6488,0.25853512924149,0.221959215038443,0.148237349031446,0.0724412294829921,"LC",21538.63015,107,"LC","LC"
"278","Gs2",11.2952,9.3244,3.0464,7.8848,1.844,1.3436,3.5628,0.136,1.4256,0.322,1242.8228,0.0323334911461232,0.0232451480613326,0.0132913557749343,0.00438228201156271,"LC",11671.36702,61,"LC","LC"
"279","Gs20",95.9192,111.1424,63.9628,68.8208,51.4492,54.81,47.5708,42.7424,23.688,61.1556,2257.522,0.275196077823383,0.232707366749914,0.155142142579341,0.0775880810906826,"LC",24558.33591,160,"LC","LC"
"280","Gs3",2.9476,6.8612,1.472,25.1668,6.1384,6.792,10.4948,11.8784,1.7172,50.6456,1563.8912,0.0793622983491435,0.0774775125021485,0.0721490088313049,0.0477884906571506,"LC",16228.08381,61,"LC","LC"
"281","Gs4",29.6412,22.2512,18.3604,20.8728,15.3268,12.9284,42.0184,20.5064,4.9448,38.9312,4242.93,0.0532136047495481,0.0462275832973912,0.0366559900823252,0.0250771990110607,"LC",24918.266,169,"LC","LC"
"282","Gs6",40.4528,16.918,9.3544,17.9812,10.0148,7.468,8.0888,8.3156,2.2032,19.628,3303.6124,0.0425064393147332,0.0302614192875653,0.0223087914308591,0.0115738759183735,"LC",41839.55101,133,"LC","LC"
"283","Gs7",7.6944,3.416,3.1228,5.9804,2.866,1.6408,0.806,0.6924,0.3212,0.4984,2366.6848,0.0114245885214626,0.00817345850195176,0.00541060643140988,0.000979429115360018,"LC",8098.094658,76,"LC","LC"
"284","Gs8",5.7052,5.5536,1.9864,5.3136,2.9396,2.6896,7.6252,4.6528,1.2724,23.032,1664.26,0.0365149676132335,0.0330868974799611,0.0285563553771646,0.0219811808251115,"LC",9437.14873,62,"LC","LC"
"285","Gs9",25.1696,31.414,9.3396,26.9888,12.0536,13.266,36.1764,25.1792,9.8432,37.0972,2020.0288,0.112140777398817,0.0996807570268305,0.0795059951620492,0.0536111168316016,"LC",23010.69293,135,"LC","LC"
"286","NKb1",8.5124,13.6024,10.0276,7.5016,1.414,1.8764,1.7052,1.1656,0.0204,0,4637.4332,0.009881673336017,0.00804608894420301,0.00295059775739735,0.000623448333444458,"LC",54631.03793,219,"LC","LC"
"287","NKb2",1.3968,0.0992,0,0,0,0,0,0,0,0,601.392,0.00248756218905473,0.000164950647830367,0,0,"LC",1573.404357,20,"LC","LC"
"288","NKb3",193.3232,161.9812,71.286,73.6568,37.212,31.9304,41.7164,5.5768,0.6364,3.6188,40919.9956,0.0151744395593239,0.0104500206740003,0.00474945310111421,0.00125973620583674,"LC",114332.6315,685,"LC","LC"
"289","NKb4",7.346,4.5016,13.3168,1.9048,0.666,1.692,0,0,0,0,2670.3192,0.011020105761139,0.00826912378115695,0.00159636346096751,0,"LC",39630.01153,95,"LC","LC"
"290","NKb5",6.5676,13.1876,10.4836,7.0776,0.8916,4.2736,0.8596,0.0396,0,0.4488,8543.5324,0.00513014967907186,0.00436142783282475,0.00159077058103039,0.00015778017064698,"LC",34373.60113,203,"LC","LC"
"291","NKb6",73.3616,70.7732,41.2504,34.074,7.9588,32.6732,25.1912,11.0528,0,17.0396,40909.9712,0.00766010805698147,0.00586686308886964,0.00312856734545929,0.00130245997337686,"LC",63134.7663,563,"LC","LC"
"292","NKl1",16.3984,3.914,2.0068,1.1236,0,0.0124,0.1368,0.1212,0,0,20074.7364,0.00118124589670826,0.000364378383568713,0.0000694405133010862,0.0000128519744847061,"LC",28825.11208,275,"LC","LC"
"293","NKl2",54.9072,27.4388,1.404,7.2868,0.0984,0.9256,0,0,0,0.2096,8164.2908,0.0113017042460075,0.00457641709675505,0.00104361789758885,0.0000256727749089976,"LC",18190.70532,155,"LC","LC"
"294","NKl4",4.8112,1.0448,0.4532,0.3432,0,0.0504,0.0004,0,0.0168,0.002,683.2128,0.00983880864058753,0.00279678600869305,0.000604204136690648,0.0000281025179856115,"LC",5346.284014,31,"LC","LC"
"295","NKu1",17.396,11.3796,7.36,3.9284,0.9452,5.6068,1.182,0.242,0,0,16965.0208,0.00283170887712675,0.00180630488823214,0.000701702646895664,0.0000839374155085032,"LC",27601.06162,248,"LC","LC"
"296","NKu2",18.9004,11.7716,6.4792,2.8616,3.9404,4.8292,1.7404,0.2056,0.2336,1.2952,11706.3608,0.00446400046033093,0.0028494594152608,0.00129040956947098,0.000296830078908895,"LC",97641.6767,603,"LC","LC"
"297","NKu3",190.3688,102.5948,81.8588,79.4404,42.1704,34.1016,43.06,23.1488,7.9748,30.5164,40004.2396,0.0158791869649736,0.0111204713412425,0.00650962004537139,0.00261722260057656,"LC",88583.21187,634,"LC","LC"
"298","NKu4",148.6952,47.6632,35.2012,21.2936,7.1904,15.2324,9.0408,2.104,0.6632,0.8132,48084.2452,0.00598734988565444,0.00289496069702265,0.0011716436384864,0.000262480984104124,"LC",101007.8427,737,"LC","LC"
"299","SKk1",0.282,4.5344,2.5864,3.854,0.0008,0.7912,0.0348,0,0,0,1666.85,0.00724936257011729,0.00708018118007019,0.00280817110117887,0.0000208777034526202,"LC",4512.490747,41,"LC","LC"
"300","SKk3",0.9696,0.1752,0.0764,0.0224,0.0012,0.1212,0.0428,0.0272,0.0012,0.0232,1298.8296,0.00112439691857962,0.000377878668610571,0.000184165805891704,0.0000726808197164586,"LC",6998.020019,48,"LC","LC"
"301","SKk4",0.1068,2.6588,0.4168,0.144,0.3836,0.2216,0.4932,0.3084,0,0,979.3724,0.00483289094117825,0.00472384151319764,0.00158346304225032,0.000818483347090443,"LC",8051.443332,40,"LC","LC"
"302","SKk5",3.2028,7.6996,0.7604,0.3336,4.2128,0.2348,0.28,0.5852,0,0,829.1768,0.0208751619678698,0.0170125358065976,0.00680964542182077,0.00104344453438639,"LC",4019.425582,37,"LC","LC"
"303","SKk6",0.4064,0.7728,0.0004,0.0344,0.004,0,0.0756,0.0448,0,0,57.032,0.0234675270023846,0.016341702903633,0.00278440173937439,0.00211109552531912,"LC",1793.959565,11,"LC","LC"
"304","SKk7",1.7184,0.8036,0.0036,0.82,0,0.0776,0.7928,0.6336,0.1576,0.4792,130.8612,0.0419253376860368,0.0287938670897103,0.0226254993840802,0.0157663234022002,"LC",631.121688,8,"LC","LC"
"305","SKk8",0,0,0,0,0,0.0004,0,0,0,0,0.6316,0.000633312222925903,0.000633312222925903,0.000633312222925903,0,"LC",1125.737009,0,"LC","LC"
"306","SKk9",0.9224,1.0684,0.8384,0,0,0,0.0412,0.0084,0,0,140.2268,0.0205295991921658,0.013951683986228,0.00035371269971218,0.00035371269971218,"LC",2506.053724,20,"LC","LC"
"307","SKn1",7.2696,5.066,0.9052,0.0984,0.162,0,0.1008,0,0,0,7342.0048,0.00185262750032525,0.000862489220927777,0.0000491963720862727,0.0000137292201170994,"LC",39308.88927,204,"LC","LC"
"308","SKn2",0.3996,0,0,0,0,0,0,0,0,0,534.2036,0.00074802940302162,0,0,0,"LC",1107.328793,18,"LC","LC"
"309","SKn3",6.71,5.1328,0.2496,0,0.1848,0,0.0248,0,0.0116,0,2891.024,0.00425925208507435,0.00193827515786794,0.0000765126820116332,0.0000125906945082434,"LC",12601.05549,104,"LC","LC"
"310","SKn4",0.5656,0.3912,0.0532,0.1524,0,0,0,0,0,0.022,4581.266,0.000258531157108101,0.000135071833855533,0.0000380680798713718,0.00000480216603881984,"LC",17280.72918,136,"LC","LC"
"311","SKn5",0.0048,0,0,0,0,0,0,0,0,0,650.5384,0.00000737850371323199,0,0,0,"LC",2023.842537,26,"LC","LC"
"312","SKn6",3.7088,0.7392,0.3184,0.0132,0,0,0.1524,0,0,0,391.506,0.0125975080841673,0.00312434547618683,0.000422982023264011,0.000389266064887894,"LC",4399.343333,28,"LC","LC"
"313","SKr13",0.0116,0,0,0,0,0,0,0,0,0,721.8316,0.0000160702302309846,0,0,0,"LC",1638.55566,24,"LC","LC"
"314","SKr15",0.024,0,0,0,0,0,0,0,0,0,200.304,0.000119817876827223,0,0,0,"LC",369.1462773,7,"LC","LC"
"315","SKr18",0.0284,0.0188,0,0,0,0,0,0,0,0,812.362,0.0000581021761234524,0.0000231423921847649,0,0,"LC",10628.05109,67,"LC","LC"
"316","SKr19",0,0.0008,0,0,0,0,0,0,0,0,367.7144,0.00000217560149942455,0.00000217560149942455,0,0,"LC",6499.073941,35,"LC","LC"
"317","SKr2",0.214,0,0,0,0,0,0,0,0,0,191.3312,0.00111847936980482,0,0,0,"LC",310.9232123,7,"LC","LC"
"318","SKr4",0.0008,0,0,0,0,0,0,0,0,0,827.1612,0.000000967163353406809,0,0,0,"LC",2980.053286,28,"LC","LC"
"319","SKs12",0.068,0,0.0188,0.006,0.0156,0.0608,0.0072,0,0,0,423.524,0.000416505322012448,0.000255947714887468,0.000211558258799974,0.0000170002172249979,"LC",2447.645116,19,"LC","LC"
"320","SKs13",0.7784,2.674,0.0568,0.2016,0.0796,0.2048,0.538,0.324,0.164,0.3132,108.1508,0.0493237220621576,0.0421263642987384,0.0168764354956228,0.0123827100677942,"LC",853.5021802,12,"LC","LC"
"321","SKs14",0.1428,0.1272,0.1264,0.0264,0.0516,0.018,0.0024,0,0,0.158,644.0144,0.00101364193098788,0.00079190775858428,0.00039812774372747,0.000249062753876311,"LC",6694.115852,47,"LC","LC"
"322","SKs2",0.0024,0,0,0,0,0,0,0,0,0,524.9028,0.0000045722750955034,0,0,0,"LC",821.4148715,14,"LC","LC"
"323","SKs4",0.0032,0,0,0,0,0,0,0,0,0,441.4408,0.0000072489901250632,0,0,0,"LC",1236.36826,19,"LC","LC"
"324","SKs5",0.0016,0,0,0,0,0,0,0,0,0,565.6908,0.00000282840024974774,0,0,0,"LC",993.2934924,15,"LC","LC"
"325","SKs7",0.414,0.378,0.1028,0.072,0.2616,0.2436,0.1708,0.0212,0.0064,0.0012,2540.0112,0.000658107334329864,0.000495115927047881,0.000305825423131993,0.0000785823306605892,"LC",13857.28478,94,"LC","LC"
"326","SKs8",0,0.3888,0,0,0,0,0,0,0,0,727.288,0.000534588773635754,0.000534588773635754,0,0,"LC",2567.075683,32,"LC","LC"
"327","SKs9",0.2584,0.004,0,0.0068,0,0,0.1592,0,0,0,884.7432,0.000484208299086108,0.000192146150430995,0.000187625064538501,0.000179939218521261,"LC",6931.679021,48,"LC","LC"
"328","SKt1",0,0,0.076,0.0116,0,0.0548,0,0,0,0,101.3284,0.00140533157535301,0.00140533157535301,0.000655295060417415,0,"LC",877.0713217,7,"LC","LC"
"329","SKt2",13.0392,13.4076,9.984,8.144,0.6312,5.7348,2.6944,0.2644,0.6128,0,7313.0976,0.00745407800929663,0.00567108525941183,0.00247249537596763,0.000488384019379148,"LC",11398.74606,120,"LC","LC"
"330","SKt3",3.6988,1.4944,3.9036,0.7724,0.4312,1.1316,0.8252,3.7444,0,0,5222.7172,0.00306384576978436,0.0023556320453269,0.00132207043490695,0.000874946857164696,"LC",12514.79069,99,"LC","LC"
"331","SKv1",3.2944,1.9724,0.6792,0.7012,0.33,0.3804,0.6716,0.0024,0.2736,0.0788,447.9824,0.0187150209472515,0.0113611606170242,0.00544217808556765,0.00229116143848508,"LC",4077.196544,25,"LC","LC"
"332","SKv10",0.0216,0.0008,0,0.0024,0.0036,0.0088,0.0016,0,0,0.0372,226.2656,0.00033588844260904,0.000240425411551734,0.000236889743734797,0.000171479889121457,"LC",4419.677244,28,"LC","LC"
"333","SKv11",3.0852,1.7004,0.1568,0.3216,0.0716,0.174,0.3164,0.384,0.0016,0.288,1369.166,0.00474712343134434,0.00249378088559021,0.00113733469864136,0.000723067911414686,"LC",4790.322234,51,"LC","LC"
"334","SKv13",2.6048,0.5148,0,0.3068,0.8828,0.0348,0.2168,0.0268,0.1656,0.0768,2513.968,0.00192126550536841,0.000885134576096434,0.000680358699872075,0.000193319883148871,"LC",5523.533369,59,"LC","LC"
"335","SKv14",1.6368,0.2048,0,0.4352,0,0,0.0424,0,0,0,769.2448,0.00301490500813265,0.000887103819226337,0.000620868675355361,0.000055118994629538,"LC",3468.004991,39,"LC","LC"
"336","SKv2",0,0.0008,0.5664,0.3004,0,0,0,0,0,0,557.15,0.00155721080498968,0.00155721080498968,0.000539172574710581,0,"LC",1752.891124,23,"LC","LC"
"337","SKv3",1.008,0.504,0.0324,0.0948,0.026,0.0804,0.4284,0.0408,0,0.038,902.9904,0.00249482165037413,0.00137853071306184,0.000784504464277804,0.000561689249409518,"LC",3069.11865,32,"LC","LC"
"338","SKv4",0.162,2.5104,1.0372,0,0,0,0,0,0,0,1313.5804,0.00282403726486784,0.00270071021157137,0,0,"LC",5580.268908,45,"LC","LC"
"339","SKv5",11.1044,7.1884,6.216,6.7572,3.5968,1.8164,0.6152,0,0,0,6923.8212,0.0053863898160744,0.00378259334599802,0.00184661036596381,0.0000888526699678495,"LC",13660.2922,125,"LC","LC"
"340","SKv6",3.868,1.1468,0.33,0,0.0084,0,0.2848,0.0704,0,0,4674.8652,0.00122108333733345,0.000393679800649653,0.0000777776437275667,0.0000759808004731345,"LC",9123.828544,85,"LC","LC"
"341","SKv7",0.6804,0.4464,0.312,0.1392,0.1976,0.0516,0.0904,0.3744,0.0204,0.5168,496.252,0.00570113571330695,0.0043300581156348,0.00280180231011663,0.00201913543925264,"LC",2838.393063,26,"LC","LC"
"342","SKv8",2.6532,2.2852,0.4456,0.6772,0.5884,1.1308,1.2376,0.406,0.0336,0.5108,3931.7928,0.00253533197374999,0.00186052530540266,0.00116598209346128,0.000556489141543776,"LC",10270.17349,93,"LC","LC"
"343","SVcb1",8.5712,1.4256,0.0028,0,0,0.0024,0,0,0,0,5108.8792,0.00195776795818543,0.000280061427171737,0.000000469770355893324,0,"LC",18754.42525,173,"LC","LC"
"344","SVcb10",6.2688,12.4852,6.8248,2.95,2.8864,0.8964,1.5256,8.4592,1.4068,7.7752,919.6632,0.0559752744265509,0.0491588659848518,0.028162048889202,0.020841107918638,"LC",15533.94288,59,"LC","LC"
"345","SVcb11",58.7236,17.212,5.3764,4.0388,1.6764,0.5064,4.848,2.9428,0.414,5.9076,2493.6388,0.0407621183950137,0.0172127575172475,0.00815434857686687,0.00565936012866017,"LC",43221.30243,143,"LC","LC"
"346","SVcb12",88.1684,63.1472,17.1696,20.824,9.2068,6.3536,6.9036,5.2188,0.5768,4.838,10862.8848,0.0204740088931073,0.0123575277167627,0.0049638379668723,0.00161441461664032,"LC",41978.26708,319,"LC","LC"
"347","SVcb13",14.4284,11.9344,4.0804,6.362,0.1712,2.6348,2.1668,1.2444,1.654,1.7952,1920.4356,0.0241984683058364,0.0166853811708135,0.00834623144874007,0.00357231453114075,"LC",6610.415079,64,"LC","LC"
"348","SVcb14",2.4052,2.1472,0.2424,0.572,0.0456,0.03,0.0636,0,0.0064,0,441.2272,0.012493336766183,0.00704217691021768,0.00162637298879126,0.000158648424213194,"LC",1986.312374,25,"LC","LC"
"349","SVcb15",3.3028,1.8068,1.5004,1.7104,0.2472,0.2684,0.2424,0.0152,0,0,2856.3324,0.00318366307786867,0.00202735507954186,0.000869506644254709,0.0000901855820422021,"LC",13513.5201,121,"LC","LC"
"350","SVcb16",24.4524,2.1928,0.8212,0.916,0.0556,0.7652,0.182,0.1628,0.562,0,9880.8072,0.00304732188277087,0.000572584798537512,0.000267548991341517,0.0000917738785551852,"LC",34133.49073,267,"LC","LC"
"351","SVcb17",71.6052,82.724,18.2552,12.5404,7.4508,4.606,2.3704,1.854,0,1.2824,8214.646,0.0246740273409225,0.0159572548835336,0.00366467404681833,0.000670363640746053,"LC",20749.4781,183,"LC","LC"
"352","SVcb18",34.9932,0.1448,0,3.7088,0,0.0196,0,0,0,0,5101.8224,0.00761814052954881,0.000759179700179293,0.000730797685156583,0,"LC",10475.31971,98,"LC","LC"
"353","SVcb19",3.3168,1.7492,0,0,0,0,0,0,0,0,10665.7168,0.000474979796950919,0.000164002104387396,0,0,"LC",26724.5722,182,"LC","LC"
"354","SVcb2",0.146,0.1416,0,0,0,0,0.004,0.0448,0,0,1075.8564,0.000312681134768543,0.00017697529149801,0.0000453592133671371,0.0000453592133671371,"LC",6998.740086,41,"LC","LC"
"355","SVcb20",177.8564,41.1524,7.4732,26.346,1.8012,2.7368,5.3672,1.7864,0.0024,0,6219.6988,0.0425297122105013,0.0139340509543645,0.00611605179337623,0.0011505380292692,"LC",15278.59242,146,"LC","LC"
"356","SVcb21",14.7068,16.0176,12.5368,11.3232,9.026,1.084,4.008,13.8012,9.4848,2.5692,3045.662,0.0310466492998895,0.0262178797253274,0.0168424467324345,0.0098051589440982,"LC",8552.26669,79,"LC","LC"
"357","SVcb22",0,0.1068,0,0,0,0,0,0,0,0,0.5316,0.200902934537246,0.200902934537246,0,0,"LC",1.114277259,0,"LC","LC"
"358","SVcb23",150.3024,33.598,4.244,2.886,2.6452,0.438,8.3368,0.7016,0,0.006,2519.1048,0.0806469028203987,0.0209818980139294,0.00595989495951101,0.00359032303856513,"LC",6855.316109,70,"LC","LC"
"359","SVcb24",15.2784,9.0032,2.9128,0.3728,0.0268,3.5828,0.8608,2.7344,1.72,1.3412,596.7168,0.0634022705578258,0.0377981648916203,0.0178288930360265,0.0111550403809646,"LC",6744.264469,40,"LC","LC"
"360","SVcb25",3.4104,0.602,0.2352,2.602,0.2492,0.6724,0.0664,0.6976,0,0.4388,823.9772,0.0108910780541015,0.00675212857831503,0.00573608104690275,0.00145974912898075,"LC",5826.595785,37,"LC","LC"
"361","SVcb26",17.6456,16.9,6.882,16.994,1.1268,1.7964,3.6636,2.388,2.3796,2.7476,1747.8652,0.0414926734624615,0.0313971580874772,0.0177908456556032,0.00639568772237127,"LC",8376.351591,57,"LC","LC"
"362","SVcb27",9.0648,4.5132,0.8172,1.1336,0.2272,0.2368,0,0,0,0,1210.104,0.0132160541573286,0.00572512775761422,0.00132021710530665,0,"LC",4653.161972,50,"LC","LC"
"363","SVcb28",55.9116,13.92,0.2852,13.0308,0.0676,0.1196,0.0084,0.1028,0,0.0084,1809.8568,0.0461110514378817,0.0152182205796613,0.00736942281842409,0.0000660825762568619,"LC",6059.762359,51,"LC","LC"
"364","SVcb29",0.4952,0.2248,0.1804,0,0,0,0,0,0,0,373.6608,0.002409672087626,0.00108440596391165,0,0,"LC",3340.106969,22,"LC","LC"
"365","SVcb3",12.1992,17.5208,4.406,1.8296,0.81,3.3496,2.1672,0.0116,0.0596,0.588,889.586,0.0482714431207326,0.0345580978117911,0.00990977825640242,0.00317720827441079,"LC",5638.601945,48,"LC","LC"
"366","SVcb4",27.448,15.8688,3.2048,1.0784,0.2572,1.382,1.0768,0.2356,1.7368,8.6912,3661.8716,0.0166525773323128,0.00915695678679722,0.00394825422060129,0.00320612006166464,"LC",21020.56572,142,"LC","LC"
"367","SVcb5",0,0.002,0,0,0,0,0,0,0,0,359.8116,0.00000555846448530286,0.00000555846448530286,0,0,"LC",564.4748924,9,"LC","LC"
"368","SVcb6",7.9772,6.1884,3.0796,3.8148,0.4804,1.0832,1.4796,0.616,0.504,3.946,708.9796,0.0411425096011225,0.0298908459425349,0.0168185375150427,0.00923242361275275,"LC",6427.25622,50,"LC","LC"
"369","SVcb7",4.1844,1.3356,0.1392,0.8112,0.0152,0.0932,0.0084,0,0,0,360.9508,0.0182495786129301,0.00665686292979542,0.00257098751408779,0.0000232718697395878,"LC",3265.492873,31,"LC","LC"
"370","SVcb8",16.9472,12.3996,3.926,3.8792,0.8036,1.3464,1.6448,0.738,2.9056,1.0316,843.362,0.0540953943858035,0.0340005833793792,0.0146428224178941,0.00749381641572658,"LC",8118.074289,64,"LC","LC"
"371","SVcb9",38.2196,29.6088,16.2276,22.6388,1.7876,3.2344,4.0304,7.3196,2.5212,16.1876,2593.0128,0.0546760123976249,0.0399365556544881,0.0222596664389779,0.0115922297028383,"LC",36063.97631,134,"LC","LC"
"372","SVk1",23.2304,2.6072,0.0008,0,0,0.0508,0.134,0,0,0,12001.9708,0.00216824390207648,0.000232695117038612,0.0000153974712219763,0.0000111648330289222,"LC",31903.22462,229,"LC","LC"
"373","SVk10",6.0992,9.5984,0.0364,0.3272,0.9056,0.2924,0.2232,0,0,0,5539.6844,0.00315584765081563,0.00205484630135247,0.000315613647593354,0.0000402911039480877,"LC",64698.61384,222,"LC","LC"
"374","SVk11",26.09,9.142,2.3204,0.9488,0.1696,4.4672,0.1188,0,0,0,13624.6808,0.00317488538887458,0.00125997814202003,0.000418681368300386,0.00000871947033063703,"LC",22885.46613,192,"LC","LC"
"375","SVk12",10.1332,4.526,2.7096,1.2984,0,0,0,0,0,0,7252.688,0.00257383193651788,0.00117666718877194,0.000179023280747772,0,"LC",12608.7486,116,"LC","LC"
"376","SVk13",54.1564,16.7376,8.7,25.5892,1.7648,6.4256,5.4576,0.7044,0,3.44,8409.2552,0.0146238396951017,0.00818374497660625,0.00515879218411638,0.00114183715104757,"LC",20772.29101,178,"LC","LC"
"377","SVk14",9.9728,0.0008,0.0088,0,0,0,0.1916,0,0,0,880.8224,0.0115505691045096,0.000228422892060874,0.000217523986674272,0.000217523986674272,"LC",1543.554548,22,"LC","LC"
"378","SVk15",0.3744,0.002,0.2076,0.1128,0.5644,0.2612,0,0,0,0,1617.2148,0.000941371548170348,0.000709862412834708,0.000580256871257918,0,"LC",12263.05505,82,"LC","LC"
"379","SVk16",0.848,0.386,2.154,0.6328,3.934,0.784,0.7944,0,0,0,7905.7652,0.00120585417841653,0.00109859068417564,0.00077730616133148,0.000100483631869057,"LC",42443.89966,151,"LC","LC"
"380","SVk17",47.71,18.9112,0.3672,2.4652,1.6464,0.75,0.8724,0,0,0,3751.572,0.0193845140117263,0.0066671784521262,0.00152842595050821,0.00023254251817638,"LC",36872.44651,176,"LC","LC"
"381","SVk2",12.4764,5.9024,2.3156,1.9772,0.7104,0.0928,0.3636,0.1284,0,0.6292,3227.4224,0.0076209423346631,0.00375519485766722,0.00120889041360065,0.000347397973069779,"LC",17344.11899,94,"LC","LC"
"382","SVk3",1.2372,0.5988,0.1128,0,0,0,0,0,0,0,576.2632,0.00338178804407431,0.00123485240771925,0,0,"LC",1700.845545,24,"LC","LC"
"383","SVk4",38.6892,8.2716,3.8208,3.2424,2.2964,1.2664,1.8076,0.1164,0.96,0,12455.3472,0.00485500717314408,0.00174877501608305,0.000777914886226536,0.000231547138244368,"LC",42742.66764,289,"LC","LC"
"384","SVk5",1.7172,0.2704,0.0568,0.038,0.0084,0,0.204,0,0,0,1418.3416,0.00161794591655494,0.000407236169340306,0.000176544211916227,0.000143829949005233,"LC",18756.64742,100,"LC","LC"
"385","SVk6",29.1272,8.2908,4.8668,3.8556,0.0488,2.9932,0.6368,0.0096,0,0.016,4220.3792,0.0118105027150167,0.00490894277935973,0.00179130823126036,0.000156952721215193,"LC",18032.2345,103,"LC","LC"
"386","SVk7",73.49,22.4344,5.7188,2.0488,0,0.9968,0.89,0,0,0.8344,13112.6348,0.00811531790697015,0.00251079973644961,0.000363771284166322,0.000131506751030693,"LC",16619.50565,178,"LC","LC"
"387","SVk8",21.3612,11.6148,0,0,0.0108,0,0,0,0,0,3235.7984,0.0101943310188917,0.00359280726512505,0.0000033376615799056,0,"LC",4434.208762,54,"LC","LC"
"388","SVk9",16.678,5.466,0.3336,0.2864,0,0.2724,0.42,0,0,0,5504.2496,0.00426150732699331,0.00123148485126837,0.000177826238112458,0.0000763046792064081,"LC",12050.6283,104,"LC","LC"
"389","SVkd1",33.9652,39.9548,15.4652,18.598,13.364,8.5104,1.6448,0,0,0,37004.7196,0.00355366562485721,0.00263580432588929,0.00113815752302039,0.0000444483843623017,"LC",105628.5252,641,"LC","LC"
"390","SVkd2",1.516,0.1708,0,0,0,0,0,0,0,0,2239.5116,0.000753199938772365,0.0000762666288488972,0,0,"LC",17823.73221,64,"LC","LC"
"391","SVkd3",6.7964,1.7944,0,0,0,0,0,0,0,0,2898.1184,0.00296426812651961,0.000619160349004375,0,0,"LC",8222.225073,56,"LC","LC"
"392","SVl1",0.9392,1.0836,0.0456,0.5332,0.0036,0.0864,0.1848,0.354,0,0,1579.2596,0.00204551550612705,0.00145080644119561,0.000735787833741837,0.00034117253426859,"LC",11749.4717,55,"LC","LC"
"393","SVl10",0.7048,4.466,1.5156,0.6232,1.0216,0.4796,0.5556,0.4968,0.0544,0.0276,615.1964,0.0161658943387835,0.0150202439416095,0.00529717013948716,0.00184396397638218,"LC",2079.966729,23,"LC","LC"
"394","SVl11",0.0012,1.6272,0.2204,0.0284,0.1876,0.0616,0,0.02,0,0.0028,596.5872,0.00360249096862957,0.00360047952755272,0.000503530749570222,0.0000382173804600568,"LC",1310.267225,18,"LC","LC"
"395","SVl12",1.1844,5.236,1.1084,1.4916,0.0412,0.3728,3.5976,0.318,1.4112,7.36,368.3856,0.0600490355757663,0.0568339261903831,0.0396117546397036,0.0344389140074965,"LC",1261.638471,18,"LC","LC"
"396","SVl13",0.6628,1.4084,0.7644,0.6184,0.508,0.5376,0.2184,0.2048,0.2712,0.2992,72.4612,0.0758088466655258,0.0666618824971157,0.0366761798038122,0.0137121659591616,"LC",4106.51579,19,"LC","LC"
"397","SVl14",29.3988,15.404,8.0888,8.6832,4.7284,2.424,2.0012,0.4156,0.2236,2.2152,3420.6212,0.0215115312972977,0.0129169520436814,0.00604895976204556,0.00141950824604607,"LC",17730.99517,118,"LC","LC"
"398","SVl16",29.3592,38.984,16.366,49.2712,0,5.9148,12.1864,0,0,0,2251.9056,0.0675346248972426,0.054497133449999,0.0299179503794475,0.005411594517994,"LC",5667.109149,58,"LC","LC"
"399","SVl17",0.5208,0.4584,0.0792,4.6776,0,0,0,0,0,0,42.6524,0.134482467575095,0.122272134745055,0.10966792021082,0,"LC",2069.040193,14,"LC","LC"
"400","SVl18",4.4872,9.6988,2.5432,1.7052,0.0244,0.1668,0.1088,0.026,0.026,0,865.0132,0.0217180500829352,0.0165306147929303,0.00237822960389506,0.000185893117006769,"LC",2695.829502,33,"LC","LC"
"401","SVl19",0.0168,0.1964,0,0.0488,0.0028,0,0,0.1628,0.0016,0,80.776,0.00531345944339903,0.0051054768743191,0.00267406160245618,0.00203525799742498,"LC",777.2303167,8,"LC","LC"
"402","SVl20",11.3244,9.166,8.7668,12.1952,0.842,0.8568,6.2184,0.0768,1.0152,0.2644,648.648,0.0782026615359949,0.0607441940775274,0.0330977664310998,0.011677828344495,"LC",5199.580571,48,"LC","LC"
"403","SVl21",0.878,1.018,3.0152,1.2464,0.0776,4.0096,1.4764,0.152,0.0052,0.0016,268.5708,0.0442341460799164,0.0409649894925286,0.0259477203031752,0.00608852488803697,"LC",4177.630137,30,"LC","LC"
"404","SVl22",65.1864,74.1872,42.7988,48.1292,15.4204,10.8472,38.454,11.67,10.8172,10.3172,3681.678,0.0890429852909461,0.071337363017624,0.0395621778982301,0.019354870252097,"LC",14455.00773,124,"LC","LC"
"405","SVl23",106.9688,96.5616,54.0928,72.9212,16.6224,20.5388,41.6088,8.6332,7.222,4.7356,5704.3004,0.0753651052458598,0.0566127968996864,0.030202126101213,0.0109039839486714,"LC",27037.38453,153,"LC","LC"
"406","SVl24",7.0468,9.6048,2.0832,4.8108,0.052,0.1332,0.2548,0,0,0,182.28,0.131586570111916,0.0929273644941848,0.0288062321702875,0.00139784946236559,"LC",922.5778268,16,"LC","LC"
"407","SVl25",11.1216,22.8664,7.3424,24.3588,0,0,7.0656,0,0,0.0012,472.9328,0.15384003816187,0.130323800759854,0.0664483410750957,0.0149425034592652,"LC",1975.171934,24,"LC","LC"
"408","SVl26",5.912,12.6284,3.462,6.344,0,0.0376,1.564,0,0.004,0,510.344,0.0586898249024188,0.0471054817926732,0.0155769441788284,0.00307243741476338,"LC",1465.706484,21,"LC","LC"
"409","SVl27",0.4312,0.286,0,0,0.0228,0,0.0144,0.606,0,0,426.688,0.00318827808609569,0.00217770361481926,0.00150742462876856,0.00145398980050997,"LC",926.8109621,14,"LC","LC"
"410","SVl3",17.974,13.8404,6.734,7.216,0.1084,4.056,2.9652,2.392,0.5944,0.978,14882.14,0.0038205795671859,0.00261282315580958,0.00123033380951933,0.000465631958844629,"LC",48356.32851,319,"LC","LC"
"411","SVl4",0.7228,0.684,0.9316,0.9128,0.7192,0.582,0.062,0.0672,0.2256,0.1964,1968.0536,0.00259322205452128,0.00222595563454166,0.0014050430333808,0.000280073672790213,"LC",7834.873993,62,"LC","LC"
"412","SVl5",0.2436,3.126,0.9804,0.2716,0.186,0.3156,0.0684,0.0388,0,0.0004,2975.3692,0.00175803392735261,0.00167616173481933,0.000296030489258274,0.0000361635792963105,"LC",7717.28972,69,"LC","LC"
"413","SVl7",0.0064,0.0124,0,0,0,0,0.0064,0.0084,0,0,286.2132,0.000117395004842544,0.0000950340515392023,0.0000517097045139777,0.0000517097045139777,"LC",6210.888853,35,"LC","LC"
"414","SVl8",21.2952,26.8612,5.4452,8.7708,1.2976,0.3444,11.084,7.9848,7.3752,0.7196,1748.3556,0.0521507180804637,0.0399705872192133,0.0214924240812338,0.0155366562729001,"LC",9479.190325,68,"LC","LC"
"415","SVl9",43.9708,45.0048,31.3992,43.2336,18.5916,15.1308,11.7164,11.9232,2.8624,22.33,1115.6136,0.220652383585141,0.181238378592731,0.112752300617346,0.0437714276699388,"LC",8700.793382,66,"LC","LC"
"416","SVmp1",0.82,2.1132,0,0,0,0,0.148,0,0.1092,0,8133.022,0.000392277310942968,0.000291453779419261,0.0000316241613510943,0.0000316241613510943,"LC",13632.69887,137,"LC","LC"
"417","SVmp2",0.536,0.3008,0,0,0,0,0.0152,0,0,0,2718.2392,0.000313438199257814,0.000116251726485292,0.00000559185519802672,0.00000559185519802672,"LC",16194.61039,108,"LC","LC"
"418","SVmp7",0.0068,0,0,0,0,0,0,0,0,0,2027.626,0.0000033536756778617,0,0,0,"LC",4433.501829,46,"LC","LC"
"419","SVs1",40.3976,13.224,2.6008,1.6708,0.4524,1.9336,0.5168,1.436,0.0164,0.108,1972.284,0.031616339229036,0.0111336906855199,0.00311009976250885,0.00105319517878764,"LC",5121.834748,56,"LC","LC"
"420","SVs2",64.96,10.222,3.342,2.5268,0.706,1.6736,5.242,6.2424,0.082,3.6552,1631.75,0.0604577907154895,0.0206477707982228,0.0123352229201777,0.00932838976558909,"LC",8207.216277,73,"LC","LC"
"421","SVs3",53.2012,31.0464,19.7572,37.3696,17.0336,14.8904,17.6896,10.6516,3.7992,15.4728,1014.296,0.217797960358712,0.165346604935837,0.115259056527877,0.046942115516575,"LC",9073.263412,55,"LC","LC"
"422","SVs4",3.8752,10.77,5.2744,4.3104,3.2176,4.8788,2.1744,1.7572,1.7112,6.596,325.9052,0.136742831964633,0.124852257650384,0.075621990689317,0.0375532516817774,"LC",4283.35206,25,"LC","LC"
"423","SVs5",3.866,11.166,8.6388,9.0012,6.532,6.492,7.0896,4.0136,2.4748,10.0968,250.3336,0.277113419852549,0.261670027515284,0.182556396744185,0.0945730017864162,"LC",7395.012058,55,"LC","LC"
"424","SVs6",331.26,331.1044,146.8792,181.4908,65.276,100.9364,83.6964,54.206,38.212,64.3176,7037.5756,0.198559685809983,0.151489498741584,0.0835707114819484,0.0341640379678479,"LC",64156.40512,297,"LC","LC"
"425","SVs7",149.7256,113.7752,61.4588,88.4036,48.9896,35.0472,82.884,59.5252,25.2204,124.7232,4782.816,0.165122973578745,0.133818068685896,0.0971798204237838,0.0611256632076166,"LC",32535.59538,194,"LC","LC"
"426","SVs8",20.7484,30.7648,20.458,21.5008,8.4692,8.4212,4.1192,3.6744,3.44,17.1144,848.6824,0.163442060304302,0.138994281017257,0.0786386049716596,0.0334023658320238,"LC",11358.69763,57,"LC","LC"
