"","T_MAPCODE","prpinv_niaps","D3_niaps","B1i_niaps","B2i_niaps","prpinv_cfs_iat","D3_cfr_iat","B1i_cfr_iat","B2i_cfr_iat","prpinv_mapwaps","D1_mapwaps","B1i_mapwaps","B2i_mapwaps","prpinv_umgeni","D1_um","B1i_um","B2i_um","prpinv_max","D3_inv","B1i_inv","B2i_inv"
"1","AT15",0.0281856354804183,1,1,1,NA,0,0,0,NA,0,0,0,NA,0,0,0,0.0281856354804183,1,1,1
"2","AT16",0.0192554256051035,1,1,1,NA,0,0,0,NA,0,0,0,NA,0,0,0,0.0192554256051035,1,1,1
"3","AT17",0.0825571314630509,1,1,1,NA,0,0,0,NA,0,0,0,NA,0,0,0,0.0825571314630509,1,1,1
"4","AT18",0.0793810519349182,1,1,1,NA,0,0,0,NA,0,0,0,NA,0,0,0,0.0793810519349182,1,1,1
"5","AT19",0.0150706367820578,1,1,1,0.00392841993757172,1,1,1,NA,0,0,0,NA,0,0,0,0.0150706367820578,1,1,1
"6","AT20",0.0522558195344373,1,1,1,NA,0,0,0,NA,0,0,0,NA,0,0,0,0.0522558195344373,1,1,1
"7","AT21",0.142048056980819,1,1,1,NA,0,0,0,NA,0,0,0,NA,0,0,0,0.142048056980819,1,1,1
"8","AT22",0.0991679365519152,1,1,1,NA,0,0,0,NA,0,0,0,NA,0,0,0,0.0991679365519152,1,1,1
"9","AT23",0.0000447294538980974,1,1,1,NA,0,0,0,NA,0,0,0,NA,0,0,0,0.0000447294538980974,1,1,1
"10","AT24",0.00472955371389826,1,1,1,NA,0,0,0,NA,0,0,0,NA,0,0,0,0.00472955371389826,1,1,1
"11","AT25",0.00230132422386963,1,1,1,0.00000938735468327539,1,1,1,NA,0,0,0,NA,0,0,0,0.00230132422386963,1,1,1
"12","AT26",0.264002121031352,1,1,1,NA,0,0,0,NA,0,0,0,NA,0,0,0,0.264002121031352,1,1,1
"13","AT27",0.00532898469809895,1,1,1,NA,0,0,0,NA,0,0,0,NA,0,0,0,0.00532898469809895,1,1,1
"14","AT28",0.0395511279056453,1,1,1,NA,0,0,0,NA,0,0,0,NA,0,0,0,0.0395511279056453,1,1,1
"15","AT29",0.000875977793285906,1,1,1,NA,0,0,0,NA,0,0,0,NA,0,0,0,0.000875977793285906,1,1,1
"16","AT30",0.00538599411250715,1,1,1,NA,0,0,0,NA,0,0,0,NA,0,0,0,0.00538599411250715,1,1,1
"17","AT31",0.061045880987269,1,1,1,NA,0,0,0,NA,0,0,0,NA,0,0,0,0.061045880987269,1,1,1
"18","AT32",0.00771700482562029,1,1,1,NA,0,0,0,NA,0,0,0,NA,0,0,0,0.00771700482562029,1,1,1
"19","AT33",0.00132542704532233,1,1,1,0.0000411097228832831,1,1,1,NA,0,0,0,NA,0,0,0,0.00132542704532233,1,1,1
"20","AT34",0.00650939545010329,1,1,1,0.0000377302472877519,1,1,1,NA,0,0,0,NA,0,0,0,0.00650939545010329,1,1,1
"21","AT35",0.0352446882619296,1,1,1,NA,0,0,0,NA,0,0,0,NA,0,0,0,0.0352446882619296,1,1,1
"22","AT36",0.295359557054737,1,1,1,0.00262394000886966,1,1,1,NA,0,0,0,NA,0,0,0,0.295359557054737,1,1,1
"23","AT37",0.09982737695897,1,1,1,0.0382493837583579,1,1,1,NA,0,0,0,NA,0,0,0,0.09982737695897,1,1,1
"24","AT38",0.0776350926114649,1,1,1,NA,0,0,0,NA,0,0,0,NA,0,0,0,0.0776350926114649,1,1,1
"25","AT39",0.0244478855583822,1,1,1,NA,0,0,0,NA,0,0,0,NA,0,0,0,0.0244478855583822,1,1,1
"26","AT40",0.155642110717679,1,1,1,0.00261032904395889,1,1,1,NA,0,0,0,NA,0,0,0,0.155642110717679,1,1,1
"27","AT41",0.080276871209089,1,1,1,NA,0,0,0,NA,0,0,0,NA,0,0,0,0.080276871209089,1,1,1
"28","AT42",0.0270015310146452,1,1,1,NA,0,0,0,NA,0,0,0,NA,0,0,0,0.0270015310146452,1,1,1
"29","AT43",0.00396599714135259,1,1,1,0.000112089069435041,1,1,1,NA,0,0,0,NA,0,0,0,0.00396599714135259,1,1,1
"30","AT44",0.0395603839684326,1,1,1,NA,0,0,0,NA,0,0,0,NA,0,0,0,0.0395603839684326,1,1,1
"31","AT45",0.0231120311901851,1,1,1,NA,0,0,0,NA,0,0,0,NA,0,0,0,0.0231120311901851,1,1,1
"32","AT46",0.000300687160730692,1,1,1,0.000270799581501436,1,1,1,NA,0,0,0,NA,0,0,0,0.000300687160730692,1,1,1
"33","AT47",0.00232329925647202,1,1,1,NA,0,0,0,NA,0,0,0,NA,0,0,0,0.00232329925647202,1,1,1
"34","AT48",0.450561105788969,1,4,3,NA,0,0,0,NA,0,0,0,NA,0,0,0,0.450561105788969,1,4,3
"35","AT49",0.00224488898907367,1,1,1,0.00000751265184879664,1,1,1,NA,0,0,0,NA,0,0,0,0.00224488898907367,1,1,1
"36","AT50",0.0511327744865382,1,1,1,0.000909703974682719,1,1,1,NA,0,0,0,NA,0,0,0,0.0511327744865382,1,1,1
"37","AT51",0.069590727660086,1,1,1,0.00117334247146675,1,1,1,NA,0,0,0,NA,0,0,0,0.069590727660086,1,1,1
"38","AT52",0.0606449394211946,1,1,1,NA,0,0,0,NA,0,0,0,NA,0,0,0,0.0606449394211946,1,1,1
"39","AT53",0.166215497655532,1,1,1,NA,0,0,0,NA,0,0,0,NA,0,0,0,0.166215497655532,1,1,1
"40","AT54",0.0866288226233537,1,1,1,0.00159816808293384,1,1,1,NA,0,0,0,NA,0,0,0,0.0866288226233537,1,1,1
"41","AT55",0.000826863517357661,1,1,1,0.0000221144189247646,1,1,1,NA,0,0,0,NA,0,0,0,0.000826863517357661,1,1,1
"42","AT56",0.0873563040777836,1,1,1,NA,0,0,0,NA,0,0,0,NA,0,0,0,0.0873563040777836,1,1,1
"43","AT57",0.195512067148392,1,1,1,NA,0,0,0,NA,0,0,0,NA,0,0,0,0.195512067148392,1,1,1
"44","AT58",0.000330257770331471,1,1,1,0.00000805836162613596,1,1,1,NA,0,0,0,NA,0,0,0,0.000330257770331471,1,1,1
"45","AZa1",0.0291420150878659,1,1,1,0.00425583390151099,1,1,1,NA,0,0,0,NA,0,0,0,0.0291420150878659,1,1,1
"46","AZa2",0.318271809827463,1,3,2,0.0675668231008398,1,1,1,NA,0,0,0,NA,0,0,0,0.318271809827463,1,3,2
"47","AZa3",0.112114197123979,1,1,1,NA,0,0,0,NA,0,0,0,NA,0,0,0,0.112114197123979,1,1,1
"48","AZa4",0.104955668509647,1,1,1,NA,0,0,0,NA,0,0,0,NA,0,0,0,0.104955668509647,1,1,1
"49","AZa5",0.0137779068928459,1,1,1,NA,0,0,0,NA,0,0,0,NA,0,0,0,0.0137779068928459,1,1,1
"50","AZa6",0.0480901277350316,1,1,1,0.000243331459401405,1,1,1,NA,0,0,0,NA,0,0,0,0.0480901277350316,1,1,1
"51","AZa7",0.0144315961889974,1,1,1,NA,0,0,0,0.00000558552344034731,1,1,1,NA,0,0,0,0.0144315961889974,1,1,1
"52","AZd3",0.00114860708159013,1,1,1,0.00109656663129155,1,1,1,NA,0,0,0,NA,0,0,0,0.00114860708159013,1,1,1
"53","AZd4",0.000319756376094404,1,1,1,NA,0,0,0,NA,0,0,0,NA,0,0,0,0.000319756376094404,1,1,1
"54","AZi1",0.0429351012342354,1,1,1,0.00000166648946328707,1,1,1,NA,0,0,0,NA,0,0,0,0.0429351012342354,1,1,1
"55","AZi3",0.00123032477941796,1,1,1,NA,0,0,0,NA,0,0,0,NA,0,0,0,0.00123032477941796,1,1,1
"56","AZi5",0.011713134131909,1,1,1,NA,0,0,0,NA,0,0,0,NA,0,0,0,0.011713134131909,1,1,1
"57","AZi6",0.00650605312909208,1,1,1,0.0000000441016589103609,1,1,1,NA,0,0,0,NA,0,0,0,0.00650605312909208,1,1,1
"58","AZi7",0.00566589146645927,1,1,1,0.00000166359187836461,1,1,1,NA,0,0,0,NA,0,0,0,0.00566589146645927,1,1,1
"59","AZi8",0.0654699137770334,1,1,1,0.000411777962645061,1,1,1,NA,0,0,0,NA,0,0,0,0.0654699137770334,1,1,1
"60","AZs3",0.163180755095222,1,1,1,NA,0,0,0,NA,0,0,0,NA,0,0,0,0.163180755095222,1,1,1
"61","CB1",0.0350187616810082,1,1,1,NA,0,0,0,NA,0,0,0,NA,0,0,0,0.0350187616810082,1,1,1
"62","CB2",0.0271655816857482,1,1,1,NA,0,0,0,NA,0,0,0,NA,0,0,0,0.0271655816857482,1,1,1
"63","CB3",0.294099483277159,1,1,1,NA,0,0,0,NA,0,0,0,0.000106497856656265,1,1,1,0.294099483277159,1,1,1
"64","CB4",0.0607614776324837,1,1,1,NA,0,0,0,0.00280771635326313,1,1,1,NA,0,0,0,0.0607614776324837,1,1,1
"65","CB5",0.0817865710474213,1,1,1,NA,0,0,0,0.0243856654758743,1,1,1,NA,0,0,0,0.0817865710474213,1,1,1
"66","CB6",0.358185147816147,1,3,2,NA,0,0,0,NA,0,0,0,NA,0,0,0,0.358185147816147,1,3,2
"67","Dg1",0,1,1,1,NA,0,0,0,NA,0,0,0,NA,0,0,0,0,1,1,1
"68","Dg10",0.000161974429918136,1,1,1,NA,0,0,0,NA,0,0,0,NA,0,0,0,0.000161974429918136,1,1,1
"69","Dg2",0,1,1,1,NA,0,0,0,NA,0,0,0,NA,0,0,0,0,1,1,1
"70","Dg3",0,1,1,1,NA,0,0,0,NA,0,0,0,NA,0,0,0,0,1,1,1
"71","Dg5",0,1,1,1,NA,0,0,0,NA,0,0,0,NA,0,0,0,0,1,1,1
"72","Dg7",0,1,1,1,NA,0,0,0,NA,0,0,0,NA,0,0,0,0,1,1,1
"73","Dg8",0,1,1,1,NA,0,0,0,NA,0,0,0,NA,0,0,0,0,1,1,1
"74","Dg9",0.0000867924578689381,1,1,1,NA,0,0,0,NA,0,0,0,NA,0,0,0,0.0000867924578689381,1,1,1
"75","Dn1",0,1,1,1,NA,0,0,0,NA,0,0,0,NA,0,0,0,0,1,1,1
"76","Dn3",0,1,1,1,NA,0,0,0,NA,0,0,0,NA,0,0,0,0,1,1,1
"77","Dn4",0,1,1,1,NA,0,0,0,NA,0,0,0,NA,0,0,0,0,1,1,1
"78","Dn5",0,1,1,1,NA,0,0,0,NA,0,0,0,NA,0,0,0,0,1,1,1
"79","FFa1",0.0251346227918464,1,1,1,0.00771862514821724,1,1,1,NA,0,0,0,NA,0,0,0,0.0251346227918464,1,1,1
"80","FFa2",0.165440253805905,1,1,1,0.0828704690200535,1,1,1,NA,0,0,0,NA,0,0,0,0.165440253805905,1,1,1
"81","FFa3",0.149086566676107,1,1,1,0.0724753940887419,1,1,1,NA,0,0,0,NA,0,0,0,0.149086566676107,1,1,1
"82","FFa4",0.158531823506443,1,1,1,0.193869582194455,1,1,1,NA,0,0,0,NA,0,0,0,0.193869582194455,1,1,1
"83","FFb1",0.00616671029783305,1,1,1,0.00538096204398331,1,1,1,NA,0,0,0,NA,0,0,0,0.00616671029783305,1,1,1
"84","FFb2",0.072442335351947,1,1,1,0.109039458125466,1,1,1,NA,0,0,0,NA,0,0,0,0.109039458125466,1,1,1
"85","FFb3",0.00284524720899671,1,1,1,0.00809667290301187,1,1,1,NA,0,0,0,NA,0,0,0,0.00809667290301187,1,1,1
"86","FFb4",0.111882316378328,1,1,1,0.0482030012875346,1,1,1,NA,0,0,0,NA,0,0,0,0.111882316378328,1,1,1
"87","FFb5",0.00783506703845319,1,1,1,0.0216810539146115,1,1,1,NA,0,0,0,NA,0,0,0,0.0216810539146115,1,1,1
"88","FFb6",0.21983053163865,1,1,1,0.116075577422441,1,1,1,NA,0,0,0,NA,0,0,0,0.21983053163865,1,1,1
"89","FFc1",0.224280701609923,1,1,1,0.190254462773934,1,1,1,NA,0,0,0,NA,0,0,0,0.224280701609923,1,1,1
"90","FFd1",0.00193625013011948,1,1,1,NA,0,0,0,NA,0,0,0,NA,0,0,0,0.00193625013011948,1,1,1
"91","FFd10",0.230937667920473,1,1,1,0.0983543793659323,1,1,1,NA,0,0,0,NA,0,0,0,0.230937667920473,1,1,1
"92","FFd11",0.580371483601805,1,4,3,0.000384879404453271,1,1,1,NA,0,0,0,NA,0,0,0,0.580371483601805,1,4,3
"93","FFd2",0.0247607653606103,1,1,1,0.00127418305644347,1,1,1,NA,0,0,0,NA,0,0,0,0.0247607653606103,1,1,1
"94","FFd3",0.0747608322648649,1,1,1,0.00782018647124661,1,1,1,NA,0,0,0,NA,0,0,0,0.0747608322648649,1,1,1
"95","FFd4",0.364765267014061,1,3,2,0.0506501553602302,1,1,1,NA,0,0,0,NA,0,0,0,0.364765267014061,1,3,2
"96","FFd5",0.345090360767898,1,4,3,0.035931627394054,1,1,1,NA,0,0,0,NA,0,0,0,0.345090360767898,1,4,3
"97","FFd6",0.181364845731356,1,1,1,0.189263042429712,1,1,1,NA,0,0,0,NA,0,0,0,0.189263042429712,1,1,1
"98","FFd7",0.130049419314688,1,1,1,0.164401196502839,1,1,1,NA,0,0,0,NA,0,0,0,0.164401196502839,1,1,1
"99","FFd8",0.0510741791649777,1,1,1,0.0242335188119542,1,1,1,NA,0,0,0,NA,0,0,0,0.0510741791649777,1,1,1
"100","FFd9",0.0908567776872545,1,1,1,0.0988637981216249,1,1,1,NA,0,0,0,NA,0,0,0,0.0988637981216249,1,1,1
"101","FFf1",0.258979594633485,1,1,1,0.255133032300503,1,1,1,NA,0,0,0,NA,0,0,0,0.258979594633485,1,1,1
"102","FFf2",0.147171758876961,1,1,1,0.214554087530966,1,1,1,NA,0,0,0,NA,0,0,0,0.214554087530966,1,1,1
"103","FFg1",0.00032488628979857,1,1,1,NA,0,0,0,NA,0,0,0,NA,0,0,0,0.00032488628979857,1,1,1
"104","FFg2",0.187548467774474,1,1,1,0.184675097794019,1,1,1,NA,0,0,0,NA,0,0,0,0.187548467774474,1,1,1
"105","FFg3",0.100149936565299,1,1,1,0.165513308472057,1,1,1,NA,0,0,0,NA,0,0,0,0.165513308472057,1,1,1
"106","FFg4",0.116934570975775,1,1,1,0.142984491736473,1,1,1,NA,0,0,0,NA,0,0,0,0.142984491736473,1,1,1
"107","FFg5",0.351528045115321,1,4,3,0.252503967851957,1,1,1,NA,0,0,0,NA,0,0,0,0.351528045115321,1,4,3
"108","FFh1",0.0104829184766971,1,1,1,0.0208838448367099,1,1,1,NA,0,0,0,NA,0,0,0,0.0208838448367099,1,1,1
"109","FFh10",0.0352381952909245,1,1,1,NA,0,0,0,NA,0,0,0,NA,0,0,0,0.0352381952909245,1,1,1
"110","FFh11",0.158008496683312,1,1,1,0.111351270775881,1,1,1,NA,0,0,0,NA,0,0,0,0.158008496683312,1,1,1
"111","FFh3",0.0210472762902527,1,1,1,0.00670328427955004,1,1,1,NA,0,0,0,NA,0,0,0,0.0210472762902527,1,1,1
"112","FFh4",0.076319516886005,1,1,1,0.123238073909055,1,1,1,NA,0,0,0,NA,0,0,0,0.123238073909055,1,1,1
"113","FFh5",0.110315394326701,1,1,1,0.241944764096663,1,1,1,NA,0,0,0,NA,0,0,0,0.241944764096663,1,1,1
"114","FFh6",0.270352267985933,1,1,1,0.245459557727842,1,1,1,NA,0,0,0,NA,0,0,0,0.270352267985933,1,1,1
"115","FFh7",0.0746922578555232,1,1,1,0.126691232048375,1,1,1,NA,0,0,0,NA,0,0,0,0.126691232048375,1,1,1
"116","FFh8",0.0208884876546629,1,1,1,0.011500022154037,1,1,1,NA,0,0,0,NA,0,0,0,0.0208884876546629,1,1,1
"117","FFh9",0.40052542019668,1,3,2,0.205291696818435,1,1,1,NA,0,0,0,NA,0,0,0,0.40052542019668,1,3,2
"118","FFl1",0.322608761852676,1,4,3,0.336300224818258,1,4,3,NA,0,0,0,NA,0,0,0,0.336300224818258,1,4,3
"119","FFl2",0.182478993679664,1,1,1,0.12797743203553,1,1,1,NA,0,0,0,NA,0,0,0,0.182478993679664,1,1,1
"120","FFl3",0.0311868737993369,1,1,1,0.136855032196572,1,1,1,NA,0,0,0,NA,0,0,0,0.136855032196572,1,1,1
"121","FFq2",0.00043625291391721,1,1,1,0.0000413624148824566,1,1,1,NA,0,0,0,NA,0,0,0,0.00043625291391721,1,1,1
"122","FFq3",0.000216673974479198,1,1,1,0.0000356055829554074,1,1,1,NA,0,0,0,NA,0,0,0,0.000216673974479198,1,1,1
"123","FFq4",0.00220760221110634,1,1,1,0.00467910925002847,1,1,1,NA,0,0,0,NA,0,0,0,0.00467910925002847,1,1,1
"124","FFq5",0.0000875575562171015,1,1,1,0.000442165658896363,1,1,1,NA,0,0,0,NA,0,0,0,0.000442165658896363,1,1,1
"125","FFq6",0.047876226117079,1,1,1,0.00000299144148590881,1,1,1,NA,0,0,0,NA,0,0,0,0.047876226117079,1,1,1
"126","FFs1",0.0168745315544896,1,1,1,0.000025108679358417,1,1,1,NA,0,0,0,NA,0,0,0,0.0168745315544896,1,1,1
"127","FFs10",0.0584073428549334,1,1,1,0.0622141983276723,1,1,1,NA,0,0,0,NA,0,0,0,0.0622141983276723,1,1,1
"128","FFs11",0.0255029471411081,1,1,1,0.0468411027038468,1,1,1,NA,0,0,0,NA,0,0,0,0.0468411027038468,1,1,1
"129","FFs12",0.0960242469500811,1,1,1,0.123548573910526,1,1,1,NA,0,0,0,NA,0,0,0,0.123548573910526,1,1,1
"130","FFs13",0.0246922492109446,1,1,1,0.0217669848486012,1,1,1,NA,0,0,0,NA,0,0,0,0.0246922492109446,1,1,1
"131","FFs14",0.103384756527367,1,1,1,0.138762168828346,1,1,1,NA,0,0,0,NA,0,0,0,0.138762168828346,1,1,1
"132","FFs15",0.0175356989653523,1,1,1,0.0218404054562177,1,1,1,NA,0,0,0,NA,0,0,0,0.0218404054562177,1,1,1
"133","FFs16",0.0987277041400753,1,1,1,0.0384228576883216,1,1,1,NA,0,0,0,NA,0,0,0,0.0987277041400753,1,1,1
"134","FFs17",0.0765454255404004,1,1,1,0.0331359176836564,1,1,1,NA,0,0,0,NA,0,0,0,0.0765454255404004,1,1,1
"135","FFs18",0.0647758264050894,1,1,1,0.0317932248956872,1,1,1,NA,0,0,0,NA,0,0,0,0.0647758264050894,1,1,1
"136","FFs19",0.180514896209862,1,1,1,0.175215819043387,1,1,1,NA,0,0,0,NA,0,0,0,0.180514896209862,1,1,1
"137","FFs2",0.0162503279027659,1,1,1,0.00178922943383189,1,1,1,NA,0,0,0,NA,0,0,0,0.0162503279027659,1,1,1
"138","FFs20",0.110669079695526,1,1,1,0.193448144416358,1,1,1,NA,0,0,0,NA,0,0,0,0.193448144416358,1,1,1
"139","FFs21",0,1,1,1,0.00219470077235859,1,1,1,NA,0,0,0,NA,0,0,0,0.00219470077235859,1,1,1
"140","FFs22",0.000487834244303238,1,1,1,0.00289534813719975,1,1,1,NA,0,0,0,NA,0,0,0,0.00289534813719975,1,1,1
"141","FFs23",0.000523337446283453,1,1,1,0.000361065017704596,1,1,1,NA,0,0,0,NA,0,0,0,0.000523337446283453,1,1,1
"142","FFs24",0.00361947233984676,1,1,1,0.00171973907865894,1,1,1,NA,0,0,0,NA,0,0,0,0.00361947233984676,1,1,1
"143","FFs25",0.0000556050494220097,1,1,1,0.00253365616496809,1,1,1,NA,0,0,0,NA,0,0,0,0.00253365616496809,1,1,1
"144","FFs26",0.0113820345264801,1,1,1,0.0191999554137465,1,1,1,NA,0,0,0,NA,0,0,0,0.0191999554137465,1,1,1
"145","FFs27",0.0101490944517183,1,1,1,0.00964918155845548,1,1,1,NA,0,0,0,NA,0,0,0,0.0101490944517183,1,1,1
"146","FFs28",0.0119341964119824,1,1,1,0.0175794769955046,1,1,1,NA,0,0,0,NA,0,0,0,0.0175794769955046,1,1,1
"147","FFs29",0.140651816660237,1,1,1,NA,0,0,0,NA,0,0,0,NA,0,0,0,0.140651816660237,1,1,1
"148","FFs3",0.0208802606538334,1,1,1,0.00560400628282782,1,1,1,NA,0,0,0,NA,0,0,0,0.0208802606538334,1,1,1
"149","FFs30",0,1,1,1,0.0000293486729063724,1,1,1,NA,0,0,0,NA,0,0,0,0.0000293486729063724,1,1,1
"150","FFs31",0,1,1,1,0.000124040165386887,1,1,1,NA,0,0,0,NA,0,0,0,0.000124040165386887,1,1,1
"151","FFs32",0.00547990363317385,1,1,1,0.0000434644190105466,1,1,1,NA,0,0,0,NA,0,0,0,0.00547990363317385,1,1,1
"152","FFs4",0.00743958550292132,1,1,1,0.000440128149981986,1,1,1,NA,0,0,0,NA,0,0,0,0.00743958550292132,1,1,1
"153","FFs5",0.00811715742315169,1,1,1,0.00958605884206536,1,1,1,NA,0,0,0,NA,0,0,0,0.00958605884206536,1,1,1
"154","FFs6",0.0280038628994405,1,1,1,0.00744822042265299,1,1,1,NA,0,0,0,NA,0,0,0,0.0280038628994405,1,1,1
"155","FFs7",0.00452405770356373,1,1,1,0.00735577073364759,1,1,1,NA,0,0,0,NA,0,0,0,0.00735577073364759,1,1,1
"156","FFs8",0.0116629969062526,1,1,1,0.0134223915351423,1,1,1,NA,0,0,0,NA,0,0,0,0.0134223915351423,1,1,1
"157","FFs9",0.00313858989747929,1,1,1,0.0405488104842677,1,1,1,NA,0,0,0,NA,0,0,0,0.0405488104842677,1,1,1
"158","FFt1",0.00712990496829244,1,1,1,0.00801962694849366,1,1,1,NA,0,0,0,NA,0,0,0,0.00801962694849366,1,1,1
"159","FFt2",0.0213536537813349,1,1,1,0.0133650344658943,1,1,1,NA,0,0,0,NA,0,0,0,0.0213536537813349,1,1,1
"160","FOa1",0.00468306839918211,1,1,1,NA,0,0,0,0.000422735367659845,1,1,1,NA,0,0,0,0.00468306839918211,1,1,1
"161","FOa2",0.00380956563266785,1,1,1,NA,0,0,0,NA,0,0,0,NA,0,0,0,0.00380956563266785,1,1,1
"162","FOa3",0.00136200019457146,1,1,1,NA,0,0,0,NA,0,0,0,NA,0,0,0,0.00136200019457146,1,1,1
"163","FOz1",0.0117865526120985,1,1,1,0.0323711033640614,1,1,1,NA,0,0,0,NA,0,0,0,0.0323711033640614,1,1,1
"164","FOz2",0.0110820695885557,1,1,1,NA,0,0,0,0.0280362765649531,1,1,1,NA,0,0,0,0.0280362765649531,1,1,1
"165","FOz3",0.00634906132314854,1,1,1,NA,0,0,0,0.0385190860825428,1,1,1,0.00108780312617883,1,1,1,0.0385190860825428,1,1,1
"166","FOz4",0.00291439837402876,1,1,1,NA,0,0,0,0.0432909303368795,1,1,1,NA,0,0,0,0.0432909303368795,1,1,1
"167","FOz5",0.00402626797425962,1,1,1,NA,0,0,0,0.0138661895795585,1,1,1,0.000158108381181552,1,1,1,0.0138661895795585,1,1,1
"168","FOz6",0.00318560804829827,1,1,1,0.0146141756907893,1,1,1,NA,0,0,0,NA,0,0,0,0.0146141756907893,1,1,1
"169","FOz7",0.00360812850374911,1,1,1,NA,0,0,0,NA,0,0,0,0.0000939899997747347,1,1,1,0.00360812850374911,1,1,1
"170","FOz8",0.000548629000692746,1,1,1,NA,0,0,0,NA,0,0,0,NA,0,0,0,0.000548629000692746,1,1,1
"171","FRa1",0.102381329168358,1,1,1,0.0370077313499244,1,1,1,NA,0,0,0,NA,0,0,0,0.102381329168358,1,1,1
"172","FRa2",0.150000547447253,1,1,1,0.0130949383026945,1,1,1,NA,0,0,0,NA,0,0,0,0.150000547447253,1,1,1
"173","FRc1",0.102890173410405,1,1,1,0.0186064677394157,1,1,1,NA,0,0,0,NA,0,0,0,0.102890173410405,1,1,1
"174","FRc2",0.0441777216256054,1,1,1,0.0938197515266372,1,1,1,NA,0,0,0,NA,0,0,0,0.0938197515266372,1,1,1
"175","FRd1",0.0027479547510211,1,1,1,NA,0,0,0,NA,0,0,0,NA,0,0,0,0.0027479547510211,1,1,1
"176","FRd2",0.00072949111096331,1,1,1,NA,0,0,0,NA,0,0,0,NA,0,0,0,0.00072949111096331,1,1,1
"177","FRg1",0.00102061806731332,1,1,1,NA,0,0,0,NA,0,0,0,NA,0,0,0,0.00102061806731332,1,1,1
"178","FRg2",0.18064563085345,1,1,1,0.0629111874169827,1,1,1,NA,0,0,0,NA,0,0,0,0.18064563085345,1,1,1
"179","FRg3",0.0144638192128794,1,1,1,0.108175987086634,1,1,1,NA,0,0,0,NA,0,0,0,0.108175987086634,1,1,1
"180","FRl1",0.0190671561417506,1,1,1,0.0122059844522942,1,1,1,NA,0,0,0,NA,0,0,0,0.0190671561417506,1,1,1
"181","FRs1",0.0139517991659117,1,1,1,NA,0,0,0,NA,0,0,0,NA,0,0,0,0.0139517991659117,1,1,1
"182","FRs10",0.0101862167754258,1,1,1,0.0875378004138151,1,1,1,NA,0,0,0,NA,0,0,0,0.0875378004138151,1,1,1
"183","FRs11",0.103642488820588,1,1,1,0.175503694236886,1,1,1,NA,0,0,0,NA,0,0,0,0.175503694236886,1,1,1
"184","FRs12",0.0720880181006943,1,1,1,0.139532316974715,1,1,1,NA,0,0,0,NA,0,0,0,0.139532316974715,1,1,1
"185","FRs13",0.0723561816305885,1,1,1,0.112314639576675,1,1,1,NA,0,0,0,NA,0,0,0,0.112314639576675,1,1,1
"186","FRs14",0.136188190792576,1,1,1,0.176418456005478,1,1,1,NA,0,0,0,NA,0,0,0,0.176418456005478,1,1,1
"187","FRs15",0.00139265224565175,1,1,1,0.00231112153918348,1,1,1,NA,0,0,0,NA,0,0,0,0.00231112153918348,1,1,1
"188","FRs16",0.00188132270064182,1,1,1,0.00554062758577716,1,1,1,NA,0,0,0,NA,0,0,0,0.00554062758577716,1,1,1
"189","FRs17",0.0995000685691489,1,1,1,0.191890763112291,1,1,1,NA,0,0,0,NA,0,0,0,0.191890763112291,1,1,1
"190","FRs18",0,1,1,1,0.000301660650306211,1,1,1,NA,0,0,0,NA,0,0,0,0.000301660650306211,1,1,1
"191","FRs19",0.0623821290287817,1,1,1,0.0246871528018331,1,1,1,NA,0,0,0,NA,0,0,0,0.0623821290287817,1,1,1
"192","FRs2",0.0063945776435138,1,1,1,NA,0,0,0,NA,0,0,0,NA,0,0,0,0.0063945776435138,1,1,1
"193","FRs20",0.0299024236701291,1,1,1,0.0195764697653272,1,1,1,NA,0,0,0,NA,0,0,0,0.0299024236701291,1,1,1
"194","FRs3",0.000431602611519788,1,1,1,NA,0,0,0,NA,0,0,0,NA,0,0,0,0.000431602611519788,1,1,1
"195","FRs4",0.0233022863263228,1,1,1,0.0130751297199714,1,1,1,NA,0,0,0,NA,0,0,0,0.0233022863263228,1,1,1
"196","FRs5",0.000496690288087039,1,1,1,NA,0,0,0,NA,0,0,0,NA,0,0,0,0.000496690288087039,1,1,1
"197","FRs6",0.00128862732791599,1,1,1,0.000322488325889453,1,1,1,NA,0,0,0,NA,0,0,0,0.00128862732791599,1,1,1
"198","FRs7",0.00755368852306927,1,1,1,0.00171879967293945,1,1,1,NA,0,0,0,NA,0,0,0,0.00755368852306927,1,1,1
"199","FRs8",0.0217330228399504,1,1,1,0.0268725145227462,1,1,1,NA,0,0,0,NA,0,0,0,0.0268725145227462,1,1,1
"200","FRs9",0.129303040324319,1,1,1,0.0356679532804538,1,1,1,NA,0,0,0,NA,0,0,0,0.129303040324319,1,1,1
"201","FS1",0.00758465087874058,1,1,1,0.000107297957521884,1,1,1,NA,0,0,0,NA,0,0,0,0.00758465087874058,1,1,1
"202","FS10",0.322533726950796,1,3,2,0.23057157444803,1,1,1,NA,0,0,0,NA,0,0,0,0.322533726950796,1,3,2
"203","FS11",0.0904583248833908,1,1,1,0.391023626039343,1,4,3,NA,0,0,0,NA,0,0,0,0.391023626039343,1,4,3
"204","FS12",0.373151778336469,1,3,3,0.0000186800049227307,1,1,1,NA,0,0,0,NA,0,0,0,0.373151778336469,1,3,3
"205","FS13",0.166786173615142,1,1,1,0.000674360637825656,1,1,1,NA,0,0,0,NA,0,0,0,0.166786173615142,1,1,1
"206","FS14",0.564783286472536,1,4,3,NA,0,0,0,NA,0,0,0,NA,0,0,0,0.564783286472536,1,4,3
"207","FS2",0.00708517018200765,1,1,1,0.00339572233488795,1,1,1,NA,0,0,0,NA,0,0,0,0.00708517018200765,1,1,1
"208","FS3",0.0338201611159393,1,1,1,0.00672102619476876,1,1,1,NA,0,0,0,NA,0,0,0,0.0338201611159393,1,1,1
"209","FS4",0.000476482749709265,1,1,1,0.00161519576172632,1,1,1,NA,0,0,0,NA,0,0,0,0.00161519576172632,1,1,1
"210","FS5",0.0420299193722338,1,1,1,0.021204378964153,1,1,1,NA,0,0,0,NA,0,0,0,0.0420299193722338,1,1,1
"211","FS6",0.378594001498206,1,3,3,0.0412983941242375,1,1,1,NA,0,0,0,NA,0,0,0,0.378594001498206,1,3,3
"212","FS7",0.411619744604585,1,3,3,0.240777387797775,1,1,1,NA,0,0,0,NA,0,0,0,0.411619744604585,1,3,3
"213","FS9",0.511763373353613,1,4,4,0.1454160059545,1,1,1,NA,0,0,0,NA,0,0,0,0.511763373353613,1,4,4
"214","Gd1",0.0840047780028378,1,1,1,NA,0,0,0,NA,0,0,0,NA,0,0,0,0.0840047780028378,1,1,1
"215","Gd10",0,1,1,1,NA,0,0,0,0.00000101696737423382,1,1,1,NA,0,0,0,0.00000101696737423382,1,1,1
"216","Gd2",0.0267472295651947,1,1,1,NA,0,0,0,NA,0,0,0,NA,0,0,0,0.0267472295651947,1,1,1
"217","Gd3",0.00536745277184466,1,1,1,NA,0,0,0,NA,0,0,0,NA,0,0,0,0.00536745277184466,1,1,1
"218","Gd4",0.0206711576188615,1,1,1,NA,0,0,0,0.00953923038694205,1,1,1,NA,0,0,0,0.0206711576188615,1,1,1
"219","Gd5",0.0104980517749062,1,1,1,NA,0,0,0,0.00478669874046316,1,1,1,NA,0,0,0,0.0104980517749062,1,1,1
"220","Gd6",0.00733260316694203,1,1,1,NA,0,0,0,0.0138484100317437,1,1,1,NA,0,0,0,0.0138484100317437,1,1,1
"221","Gd7",0.000629456981905341,1,1,1,NA,0,0,0,0.00107762559791726,1,1,1,NA,0,0,0,0.00107762559791726,1,1,1
"222","Gd8",0.000281620311972569,1,1,1,NA,0,0,0,0.000186243234080101,1,1,1,NA,0,0,0,0.000281620311972569,1,1,1
"223","Gh1",0.00395162115944922,1,1,1,NA,0,0,0,NA,0,0,0,NA,0,0,0,0.00395162115944922,1,1,1
"224","Gh10",0.0100815066279094,1,1,1,NA,0,0,0,NA,0,0,0,NA,0,0,0,0.0100815066279094,1,1,1
"225","Gh11",0.0266502562764467,1,1,1,NA,0,0,0,NA,0,0,0,NA,0,0,0,0.0266502562764467,1,1,1
"226","Gh12",0.00352012040041822,1,1,1,NA,0,0,0,NA,0,0,0,NA,0,0,0,0.00352012040041822,1,1,1
"227","Gh13",0.00500865255888976,1,1,1,NA,0,0,0,NA,0,0,0,NA,0,0,0,0.00500865255888976,1,1,1
"228","Gh14",0.00344975743195873,1,1,1,NA,0,0,0,NA,0,0,0,NA,0,0,0,0.00344975743195873,1,1,1
"229","Gh15",0.00303661898608756,1,1,1,NA,0,0,0,NA,0,0,0,NA,0,0,0,0.00303661898608756,1,1,1
"230","Gh2",0.00493566603649093,1,1,1,NA,0,0,0,NA,0,0,0,NA,0,0,0,0.00493566603649093,1,1,1
"231","Gh3",0.00113660221680322,1,1,1,NA,0,0,0,NA,0,0,0,NA,0,0,0,0.00113660221680322,1,1,1
"232","Gh4",0.00171265926440242,1,1,1,NA,0,0,0,NA,0,0,0,NA,0,0,0,0.00171265926440242,1,1,1
"233","Gh5",0.00105961852180888,1,1,1,NA,0,0,0,NA,0,0,0,NA,0,0,0,0.00105961852180888,1,1,1
"234","Gh6",0.00372979568464821,1,1,1,NA,0,0,0,NA,0,0,0,NA,0,0,0,0.00372979568464821,1,1,1
"235","Gh7",0.00318688745252091,1,1,1,NA,0,0,0,NA,0,0,0,NA,0,0,0,0.00318688745252091,1,1,1
"236","Gh8",0.0156780199241503,1,1,1,NA,0,0,0,NA,0,0,0,NA,0,0,0,0.0156780199241503,1,1,1
"237","Gh9",0.0000793669158144647,1,1,1,NA,0,0,0,NA,0,0,0,NA,0,0,0,0.0000793669158144647,1,1,1
"238","Gm1",0.00590088235260662,1,1,1,NA,0,0,0,NA,0,0,0,NA,0,0,0,0.00590088235260662,1,1,1
"239","Gm10",0.0601540215525337,1,1,1,NA,0,0,0,NA,0,0,0,NA,0,0,0,0.0601540215525337,1,1,1
"240","Gm11",0.0267181252326953,1,1,1,NA,0,0,0,NA,0,0,0,NA,0,0,0,0.0267181252326953,1,1,1
"241","Gm12",0.0269354442467744,1,1,1,NA,0,0,0,NA,0,0,0,NA,0,0,0,0.0269354442467744,1,1,1
"242","Gm13",0.00479847333787464,1,1,1,NA,0,0,0,NA,0,0,0,NA,0,0,0,0.00479847333787464,1,1,1
"243","Gm14",0.0239478333096732,1,1,1,NA,0,0,0,NA,0,0,0,NA,0,0,0,0.0239478333096732,1,1,1
"244","Gm15",0.0494261119665273,1,1,1,NA,0,0,0,NA,0,0,0,NA,0,0,0,0.0494261119665273,1,1,1
"245","Gm16",0.0270357971951907,1,1,1,NA,0,0,0,NA,0,0,0,NA,0,0,0,0.0270357971951907,1,1,1
"246","Gm17",0.0183134442986147,1,1,1,NA,0,0,0,NA,0,0,0,NA,0,0,0,0.0183134442986147,1,1,1
"247","Gm19",0.0347866081994509,1,1,1,NA,0,0,0,NA,0,0,0,NA,0,0,0,0.0347866081994509,1,1,1
"248","Gm2",0.0015464872828454,1,1,1,NA,0,0,0,NA,0,0,0,NA,0,0,0,0.0015464872828454,1,1,1
"249","Gm21",0.0118499950866774,1,1,1,NA,0,0,0,NA,0,0,0,NA,0,0,0,0.0118499950866774,1,1,1
"250","Gm22",0.0426054997926643,1,1,1,NA,0,0,0,0.00908982464511511,1,1,1,NA,0,0,0,0.0426054997926643,1,1,1
"251","Gm23",0.0354583680579868,1,1,1,NA,0,0,0,0.0160397627334405,1,1,1,NA,0,0,0,0.0354583680579868,1,1,1
"252","Gm24",0.00171438367906738,1,1,1,NA,0,0,0,0.0156008914795131,1,1,1,NA,0,0,0,0.0156008914795131,1,1,1
"253","Gm25",0.201011319533036,1,1,1,NA,0,0,0,NA,0,0,0,NA,0,0,0,0.201011319533036,1,1,1
"254","Gm26",0.0396827362757678,1,1,1,NA,0,0,0,NA,0,0,0,NA,0,0,0,0.0396827362757678,1,1,1
"255","Gm27",0.0153815519406917,1,1,1,NA,0,0,0,NA,0,0,0,NA,0,0,0,0.0153815519406917,1,1,1
"256","Gm28",0.0191664118135349,1,1,1,NA,0,0,0,0.0264843374546725,1,1,1,NA,0,0,0,0.0264843374546725,1,1,1
"257","Gm29",0.00289630895659674,1,1,1,NA,0,0,0,NA,0,0,0,NA,0,0,0,0.00289630895659674,1,1,1
"258","Gm3",0.0182845495915448,1,1,1,NA,0,0,0,NA,0,0,0,NA,0,0,0,0.0182845495915448,1,1,1
"259","Gm30",0.0411348880042314,1,1,1,NA,0,0,0,NA,0,0,0,NA,0,0,0,0.0411348880042314,1,1,1
"260","Gm31",0.0229169713011898,1,1,1,NA,0,0,0,0.0030237152380924,1,1,1,NA,0,0,0,0.0229169713011898,1,1,1
"261","Gm4",0.0122005909312135,1,1,1,NA,0,0,0,0.0000519350059448664,1,1,1,NA,0,0,0,0.0122005909312135,1,1,1
"262","Gm5",0.0298669761335473,1,1,1,NA,0,0,0,0.000221736225510127,1,1,1,NA,0,0,0,0.0298669761335473,1,1,1
"263","Gm6",0.00107469775177885,1,1,1,NA,0,0,0,NA,0,0,0,NA,0,0,0,0.00107469775177885,1,1,1
"264","Gm7",0.000173789627655723,1,1,1,NA,0,0,0,NA,0,0,0,NA,0,0,0,0.000173789627655723,1,1,1
"265","Gm8",0.00880082436648264,1,1,1,NA,0,0,0,NA,0,0,0,NA,0,0,0,0.00880082436648264,1,1,1
"266","Gm9",0.00530374226327266,1,1,1,NA,0,0,0,NA,0,0,0,NA,0,0,0,0.00530374226327266,1,1,1
"267","Gs1",0.0373850769517199,1,1,1,NA,0,0,0,NA,0,0,0,NA,0,0,0,0.0373850769517199,1,1,1
"268","Gs10",0.0773228906934007,1,1,1,NA,0,0,0,0.031187797143578,1,1,1,0.0000000527967800722144,1,1,1,0.0773228906934007,1,1,1
"269","Gs11",0.0824362590690387,1,1,1,NA,0,0,0,NA,0,0,0,0.00000744568373713758,1,1,1,0.0824362590690387,1,1,1
"270","Gs12",0.0699559224568994,1,1,1,NA,0,0,0,0.0566993693599348,1,1,1,NA,0,0,0,0.0699559224568994,1,1,1
"271","Gs13",0.0094451608725915,1,1,1,NA,0,0,0,0.00910253435707618,1,1,1,NA,0,0,0,0.0094451608725915,1,1,1
"272","Gs14",0.03563138162504,1,1,1,NA,0,0,0,0.00149935005066814,1,1,1,NA,0,0,0,0.03563138162504,1,1,1
"273","Gs15",0.0299812244506089,1,1,1,NA,0,0,0,NA,0,0,0,NA,0,0,0,0.0299812244506089,1,1,1
"274","Gs16",0.00596331814429807,1,1,1,NA,0,0,0,NA,0,0,0,NA,0,0,0,0.00596331814429807,1,1,1
"275","Gs17",0.0104063518959486,1,1,1,NA,0,0,0,NA,0,0,0,NA,0,0,0,0.0104063518959486,1,1,1
"276","Gs18",0.00105471710929638,1,1,1,NA,0,0,0,NA,0,0,0,NA,0,0,0,0.00105471710929638,1,1,1
"277","Gs19",0.148237349031446,1,1,1,NA,0,0,0,0.00206526241210422,1,1,1,0.000906605542971304,1,1,1,0.148237349031446,1,1,1
"278","Gs2",0.0132913557749343,1,1,1,NA,0,0,0,NA,0,0,0,NA,0,0,0,0.0132913557749343,1,1,1
"279","Gs20",0.155142142579341,1,1,1,NA,0,0,0,0.00043924267404703,1,1,1,0.000197916122190614,1,1,1,0.155142142579341,1,1,1
"280","Gs3",0.0721490088313049,1,1,1,NA,0,0,0,0.00981449348906113,1,1,1,NA,0,0,0,0.0721490088313049,1,1,1
"281","Gs4",0.0366559900823252,1,1,1,NA,0,0,0,0.0040738829063878,1,1,1,NA,0,0,0,0.0366559900823252,1,1,1
"282","Gs6",0.0223087914308591,1,1,1,NA,0,0,0,0.00267755381957036,1,1,1,NA,0,0,0,0.0223087914308591,1,1,1
"283","Gs7",0.00541060643140988,1,1,1,NA,0,0,0,NA,0,0,0,NA,0,0,0,0.00541060643140988,1,1,1
"284","Gs8",0.0285563553771646,1,1,1,NA,0,0,0,NA,0,0,0,0.00133008063643902,1,1,1,0.0285563553771646,1,1,1
"285","Gs9",0.0795059951620492,1,1,1,NA,0,0,0,0.0042936021506228,1,1,1,0.00412964409220304,1,1,1,0.0795059951620492,1,1,1
"286","NKb1",0.00295059775739735,1,1,1,NA,0,0,0,NA,0,0,0,NA,0,0,0,0.00295059775739735,1,1,1
"287","NKb2",0,1,1,1,NA,0,0,0,NA,0,0,0,NA,0,0,0,0,1,1,1
"288","NKb3",0.00474945310111421,1,1,1,NA,0,0,0,NA,0,0,0,NA,0,0,0,0.00474945310111421,1,1,1
"289","NKb4",0.00159636346096751,1,1,1,NA,0,0,0,NA,0,0,0,NA,0,0,0,0.00159636346096751,1,1,1
"290","NKb5",0.00159077058103039,1,1,1,NA,0,0,0,NA,0,0,0,NA,0,0,0,0.00159077058103039,1,1,1
"291","NKb6",0.00312856734545929,1,1,1,NA,0,0,0,NA,0,0,0,NA,0,0,0,0.00312856734545929,1,1,1
"292","NKl1",0.0000694405133010862,1,1,1,NA,0,0,0,NA,0,0,0,NA,0,0,0,0.0000694405133010862,1,1,1
"293","NKl2",0.00104361789758885,1,1,1,NA,0,0,0,NA,0,0,0,NA,0,0,0,0.00104361789758885,1,1,1
"294","NKl4",0.000604204136690648,1,1,1,NA,0,0,0,NA,0,0,0,NA,0,0,0,0.000604204136690648,1,1,1
"295","NKu1",0.000701702646895664,1,1,1,NA,0,0,0,NA,0,0,0,NA,0,0,0,0.000701702646895664,1,1,1
"296","NKu2",0.00129040956947098,1,1,1,NA,0,0,0,NA,0,0,0,NA,0,0,0,0.00129040956947098,1,1,1
"297","NKu3",0.00650962004537139,1,1,1,NA,0,0,0,NA,0,0,0,NA,0,0,0,0.00650962004537139,1,1,1
"298","NKu4",0.0011716436384864,1,1,1,NA,0,0,0,NA,0,0,0,NA,0,0,0,0.0011716436384864,1,1,1
"299","SKk1",0.00280817110117887,1,1,1,NA,0,0,0,NA,0,0,0,NA,0,0,0,0.00280817110117887,1,1,1
"300","SKk3",0.000184165805891704,1,1,1,NA,0,0,0,NA,0,0,0,NA,0,0,0,0.000184165805891704,1,1,1
"301","SKk4",0.00158346304225032,1,1,1,NA,0,0,0,NA,0,0,0,NA,0,0,0,0.00158346304225032,1,1,1
"302","SKk5",0.00680964542182077,1,1,1,NA,0,0,0,NA,0,0,0,NA,0,0,0,0.00680964542182077,1,1,1
"303","SKk6",0.00278440173937439,1,1,1,NA,0,0,0,NA,0,0,0,NA,0,0,0,0.00278440173937439,1,1,1
"304","SKk7",0.0226254993840802,1,1,1,0.000225429691917849,1,1,1,NA,0,0,0,NA,0,0,0,0.0226254993840802,1,1,1
"305","SKk8",0.000633312222925903,1,1,1,NA,0,0,0,NA,0,0,0,NA,0,0,0,0.000633312222925903,1,1,1
"306","SKk9",0.00035371269971218,1,1,1,NA,0,0,0,NA,0,0,0,NA,0,0,0,0.00035371269971218,1,1,1
"307","SKn1",0.0000491963720862727,1,1,1,NA,0,0,0,NA,0,0,0,NA,0,0,0,0.0000491963720862727,1,1,1
"308","SKn2",0,1,1,1,NA,0,0,0,NA,0,0,0,NA,0,0,0,0,1,1,1
"309","SKn3",0.0000765126820116332,1,1,1,NA,0,0,0,NA,0,0,0,NA,0,0,0,0.0000765126820116332,1,1,1
"310","SKn4",0.0000380680798713718,1,1,1,NA,0,0,0,NA,0,0,0,NA,0,0,0,0.0000380680798713718,1,1,1
"311","SKn5",0,1,1,1,NA,0,0,0,NA,0,0,0,NA,0,0,0,0,1,1,1
"312","SKn6",0.000422982023264011,1,1,1,NA,0,0,0,NA,0,0,0,NA,0,0,0,0.000422982023264011,1,1,1
"313","SKr13",0,1,1,1,NA,0,0,0,NA,0,0,0,NA,0,0,0,0,1,1,1
"314","SKr15",0,1,1,1,NA,0,0,0,NA,0,0,0,NA,0,0,0,0,1,1,1
"315","SKr18",0,1,1,1,NA,0,0,0,NA,0,0,0,NA,0,0,0,0,1,1,1
"316","SKr19",0,1,1,1,NA,0,0,0,NA,0,0,0,NA,0,0,0,0,1,1,1
"317","SKr2",0,1,1,1,NA,0,0,0,NA,0,0,0,NA,0,0,0,0,1,1,1
"318","SKr4",0,1,1,1,NA,0,0,0,NA,0,0,0,NA,0,0,0,0,1,1,1
"319","SKs12",0.000211558258799974,1,1,1,NA,0,0,0,NA,0,0,0,NA,0,0,0,0.000211558258799974,1,1,1
"320","SKs13",0.0168764354956228,1,1,1,NA,0,0,0,NA,0,0,0,NA,0,0,0,0.0168764354956228,1,1,1
"321","SKs14",0.00039812774372747,1,1,1,NA,0,0,0,NA,0,0,0,NA,0,0,0,0.00039812774372747,1,1,1
"322","SKs2",0,1,1,1,NA,0,0,0,NA,0,0,0,NA,0,0,0,0,1,1,1
"323","SKs4",0,1,1,1,NA,0,0,0,NA,0,0,0,NA,0,0,0,0,1,1,1
"324","SKs5",0,1,1,1,NA,0,0,0,NA,0,0,0,NA,0,0,0,0,1,1,1
"325","SKs7",0.000305825423131993,1,1,1,0.000000905507818233242,1,1,1,NA,0,0,0,NA,0,0,0,0.000305825423131993,1,1,1
"326","SKs8",0,1,1,1,NA,0,0,0,NA,0,0,0,NA,0,0,0,0,1,1,1
"327","SKs9",0.000187625064538501,1,1,1,NA,0,0,0,NA,0,0,0,NA,0,0,0,0.000187625064538501,1,1,1
"328","SKt1",0.000655295060417415,1,1,1,NA,0,0,0,NA,0,0,0,NA,0,0,0,0.000655295060417415,1,1,1
"329","SKt2",0.00247249537596763,1,1,1,NA,0,0,0,NA,0,0,0,NA,0,0,0,0.00247249537596763,1,1,1
"330","SKt3",0.00132207043490695,1,1,1,NA,0,0,0,NA,0,0,0,NA,0,0,0,0.00132207043490695,1,1,1
"331","SKv1",0.00544217808556765,1,1,1,0.0000174113983049334,1,1,1,NA,0,0,0,NA,0,0,0,0.00544217808556765,1,1,1
"332","SKv10",0.000236889743734797,1,1,1,0.0000198881314702721,1,1,1,NA,0,0,0,NA,0,0,0,0.000236889743734797,1,1,1
"333","SKv11",0.00113733469864136,1,1,1,0.000101594693411902,1,1,1,NA,0,0,0,NA,0,0,0,0.00113733469864136,1,1,1
"334","SKv13",0.000680358699872075,1,1,1,0.00000222755420912279,1,1,1,NA,0,0,0,NA,0,0,0,0.000680358699872075,1,1,1
"335","SKv14",0.000620868675355361,1,1,1,0.0000111797960805195,1,1,1,NA,0,0,0,NA,0,0,0,0.000620868675355361,1,1,1
"336","SKv2",0.000539172574710581,1,1,1,0.000000538454635196985,1,1,1,NA,0,0,0,NA,0,0,0,0.000539172574710581,1,1,1
"337","SKv3",0.000784504464277804,1,1,1,NA,0,0,0,NA,0,0,0,NA,0,0,0,0.000784504464277804,1,1,1
"338","SKv4",0,1,1,1,NA,0,0,0,NA,0,0,0,NA,0,0,0,0,1,1,1
"339","SKv5",0.00184661036596381,1,1,1,0.0000000866573504237804,1,1,1,NA,0,0,0,NA,0,0,0,0.00184661036596381,1,1,1
"340","SKv6",0.0000777776437275667,1,1,1,NA,0,0,0,NA,0,0,0,NA,0,0,0,0.0000777776437275667,1,1,1
"341","SKv7",0.00280180231011663,1,1,1,0.00090740188452641,1,1,1,NA,0,0,0,NA,0,0,0,0.00280180231011663,1,1,1
"342","SKv8",0.00116598209346128,1,1,1,0.0000096139348950433,1,1,1,NA,0,0,0,NA,0,0,0,0.00116598209346128,1,1,1
"343","SVcb1",0.000000469770355893324,1,1,1,NA,0,0,0,NA,0,0,0,NA,0,0,0,0.000000469770355893324,1,1,1
"344","SVcb10",0.028162048889202,1,1,1,NA,0,0,0,NA,0,0,0,NA,0,0,0,0.028162048889202,1,1,1
"345","SVcb11",0.00815434857686687,1,1,1,NA,0,0,0,NA,0,0,0,NA,0,0,0,0.00815434857686687,1,1,1
"346","SVcb12",0.0049638379668723,1,1,1,NA,0,0,0,NA,0,0,0,NA,0,0,0,0.0049638379668723,1,1,1
"347","SVcb13",0.00834623144874007,1,1,1,NA,0,0,0,NA,0,0,0,NA,0,0,0,0.00834623144874007,1,1,1
"348","SVcb14",0.00162637298879126,1,1,1,NA,0,0,0,NA,0,0,0,NA,0,0,0,0.00162637298879126,1,1,1
"349","SVcb15",0.000869506644254709,1,1,1,NA,0,0,0,NA,0,0,0,NA,0,0,0,0.000869506644254709,1,1,1
"350","SVcb16",0.000267548991341517,1,1,1,NA,0,0,0,NA,0,0,0,NA,0,0,0,0.000267548991341517,1,1,1
"351","SVcb17",0.00366467404681833,1,1,1,NA,0,0,0,NA,0,0,0,NA,0,0,0,0.00366467404681833,1,1,1
"352","SVcb18",0.000730797685156583,1,1,1,NA,0,0,0,NA,0,0,0,NA,0,0,0,0.000730797685156583,1,1,1
"353","SVcb19",0,1,1,1,NA,0,0,0,NA,0,0,0,NA,0,0,0,0,1,1,1
"354","SVcb2",0.0000453592133671371,1,1,1,NA,0,0,0,NA,0,0,0,NA,0,0,0,0.0000453592133671371,1,1,1
"355","SVcb20",0.00611605179337623,1,1,1,NA,0,0,0,0.00176021385472879,1,1,1,NA,0,0,0,0.00611605179337623,1,1,1
"356","SVcb21",0.0168424467324345,1,1,1,NA,0,0,0,0.0426379552294378,1,1,1,NA,0,0,0,0.0426379552294378,1,1,1
"357","SVcb22",0,1,1,1,NA,0,0,0,0.112866817155756,1,1,1,NA,0,0,0,0.112866817155756,1,1,1
"358","SVcb23",0.00595989495951101,1,1,1,NA,0,0,0,NA,0,0,0,NA,0,0,0,0.00595989495951101,1,1,1
"359","SVcb24",0.0178288930360265,1,1,1,NA,0,0,0,NA,0,0,0,NA,0,0,0,0.0178288930360265,1,1,1
"360","SVcb25",0.00573608104690275,1,1,1,NA,0,0,0,NA,0,0,0,NA,0,0,0,0.00573608104690275,1,1,1
"361","SVcb26",0.0177908456556032,1,1,1,NA,0,0,0,NA,0,0,0,NA,0,0,0,0.0177908456556032,1,1,1
"362","SVcb27",0.00132021710530665,1,1,1,NA,0,0,0,NA,0,0,0,NA,0,0,0,0.00132021710530665,1,1,1
"363","SVcb28",0.00736942281842409,1,1,1,NA,0,0,0,NA,0,0,0,NA,0,0,0,0.00736942281842409,1,1,1
"364","SVcb29",0,1,1,1,NA,0,0,0,NA,0,0,0,NA,0,0,0,0,1,1,1
"365","SVcb3",0.00990977825640242,1,1,1,NA,0,0,0,NA,0,0,0,NA,0,0,0,0.00990977825640242,1,1,1
"366","SVcb4",0.00394825422060129,1,1,1,NA,0,0,0,NA,0,0,0,NA,0,0,0,0.00394825422060129,1,1,1
"367","SVcb5",0,1,1,1,NA,0,0,0,NA,0,0,0,NA,0,0,0,0,1,1,1
"368","SVcb6",0.0168185375150427,1,1,1,NA,0,0,0,NA,0,0,0,NA,0,0,0,0.0168185375150427,1,1,1
"369","SVcb7",0.00257098751408779,1,1,1,NA,0,0,0,NA,0,0,0,NA,0,0,0,0.00257098751408779,1,1,1
"370","SVcb8",0.0146428224178941,1,1,1,NA,0,0,0,NA,0,0,0,NA,0,0,0,0.0146428224178941,1,1,1
"371","SVcb9",0.0222596664389779,1,1,1,NA,0,0,0,NA,0,0,0,NA,0,0,0,0.0222596664389779,1,1,1
"372","SVk1",0.0000153974712219763,1,1,1,NA,0,0,0,NA,0,0,0,NA,0,0,0,0.0000153974712219763,1,1,1
"373","SVk10",0.000315613647593354,1,1,1,NA,0,0,0,NA,0,0,0,NA,0,0,0,0.000315613647593354,1,1,1
"374","SVk11",0.000418681368300386,1,1,1,NA,0,0,0,NA,0,0,0,NA,0,0,0,0.000418681368300386,1,1,1
"375","SVk12",0.000179023280747772,1,1,1,NA,0,0,0,NA,0,0,0,NA,0,0,0,0.000179023280747772,1,1,1
"376","SVk13",0.00515879218411638,1,1,1,NA,0,0,0,NA,0,0,0,NA,0,0,0,0.00515879218411638,1,1,1
"377","SVk14",0.000217523986674272,1,1,1,NA,0,0,0,NA,0,0,0,NA,0,0,0,0.000217523986674272,1,1,1
"378","SVk15",0.000580256871257918,1,1,1,NA,0,0,0,NA,0,0,0,NA,0,0,0,0.000580256871257918,1,1,1
"379","SVk16",0.00077730616133148,1,1,1,NA,0,0,0,NA,0,0,0,NA,0,0,0,0.00077730616133148,1,1,1
"380","SVk17",0.00152842595050821,1,1,1,NA,0,0,0,NA,0,0,0,NA,0,0,0,0.00152842595050821,1,1,1
"381","SVk2",0.00120889041360065,1,1,1,NA,0,0,0,NA,0,0,0,NA,0,0,0,0.00120889041360065,1,1,1
"382","SVk3",0,1,1,1,NA,0,0,0,NA,0,0,0,NA,0,0,0,0,1,1,1
"383","SVk4",0.000777914886226536,1,1,1,NA,0,0,0,NA,0,0,0,NA,0,0,0,0.000777914886226536,1,1,1
"384","SVk5",0.000176544211916227,1,1,1,NA,0,0,0,NA,0,0,0,NA,0,0,0,0.000176544211916227,1,1,1
"385","SVk6",0.00179130823126036,1,1,1,NA,0,0,0,NA,0,0,0,NA,0,0,0,0.00179130823126036,1,1,1
"386","SVk7",0.000363771284166322,1,1,1,NA,0,0,0,NA,0,0,0,NA,0,0,0,0.000363771284166322,1,1,1
"387","SVk8",0.0000033376615799056,1,1,1,NA,0,0,0,NA,0,0,0,NA,0,0,0,0.0000033376615799056,1,1,1
"388","SVk9",0.000177826238112458,1,1,1,NA,0,0,0,NA,0,0,0,NA,0,0,0,0.000177826238112458,1,1,1
"389","SVkd1",0.00113815752302039,1,1,1,NA,0,0,0,NA,0,0,0,NA,0,0,0,0.00113815752302039,1,1,1
"390","SVkd2",0,1,1,1,NA,0,0,0,NA,0,0,0,NA,0,0,0,0,1,1,1
"391","SVkd3",0,1,1,1,NA,0,0,0,NA,0,0,0,NA,0,0,0,0,1,1,1
"392","SVl1",0.000735787833741837,1,1,1,NA,0,0,0,0.0152002875271425,1,1,1,NA,0,0,0,0.0152002875271425,1,1,1
"393","SVl10",0.00529717013948716,1,1,1,NA,0,0,0,0.00687000118986392,1,1,1,NA,0,0,0,0.00687000118986392,1,1,1
"394","SVl11",0.000503530749570222,1,1,1,NA,0,0,0,0.00034462690449946,1,1,1,NA,0,0,0,0.000503530749570222,1,1,1
"395","SVl12",0.0396117546397036,1,1,1,NA,0,0,0,NA,0,0,0,NA,0,0,0,0.0396117546397036,1,1,1
"396","SVl13",0.0366761798038122,1,1,1,NA,0,0,0,0.00985354920978399,1,1,1,NA,0,0,0,0.0366761798038122,1,1,1
"397","SVl14",0.00604895976204556,1,1,1,NA,0,0,0,NA,0,0,0,NA,0,0,0,0.00604895976204556,1,1,1
"398","SVl16",0.0299179503794475,1,1,1,NA,0,0,0,NA,0,0,0,NA,0,0,0,0.0299179503794475,1,1,1
"399","SVl17",0.10966792021082,1,1,1,NA,0,0,0,NA,0,0,0,NA,0,0,0,0.10966792021082,1,1,1
"400","SVl18",0.00237822960389506,1,1,1,NA,0,0,0,NA,0,0,0,NA,0,0,0,0.00237822960389506,1,1,1
"401","SVl19",0.00267406160245618,1,1,1,NA,0,0,0,NA,0,0,0,NA,0,0,0,0.00267406160245618,1,1,1
"402","SVl20",0.0330977664310998,1,1,1,NA,0,0,0,NA,0,0,0,NA,0,0,0,0.0330977664310998,1,1,1
"403","SVl21",0.0259477203031752,1,1,1,NA,0,0,0,NA,0,0,0,NA,0,0,0,0.0259477203031752,1,1,1
"404","SVl22",0.0395621778982301,1,1,1,NA,0,0,0,NA,0,0,0,NA,0,0,0,0.0395621778982301,1,1,1
"405","SVl23",0.030202126101213,1,1,1,NA,0,0,0,NA,0,0,0,NA,0,0,0,0.030202126101213,1,1,1
"406","SVl24",0.0288062321702875,1,1,1,NA,0,0,0,NA,0,0,0,NA,0,0,0,0.0288062321702875,1,1,1
"407","SVl25",0.0664483410750957,1,1,1,NA,0,0,0,NA,0,0,0,NA,0,0,0,0.0664483410750957,1,1,1
"408","SVl26",0.0155769441788284,1,1,1,NA,0,0,0,NA,0,0,0,NA,0,0,0,0.0155769441788284,1,1,1
"409","SVl27",0.00150742462876856,1,1,1,NA,0,0,0,0.0376265561721914,1,1,1,NA,0,0,0,0.0376265561721914,1,1,1
"410","SVl3",0.00123033380951933,1,1,1,NA,0,0,0,0.000420020239024764,1,1,1,NA,0,0,0,0.00123033380951933,1,1,1
"411","SVl4",0.0014050430333808,1,1,1,NA,0,0,0,NA,0,0,0,NA,0,0,0,0.0014050430333808,1,1,1
"412","SVl5",0.000296030489258274,1,1,1,NA,0,0,0,NA,0,0,0,NA,0,0,0,0.000296030489258274,1,1,1
"413","SVl7",0.0000517097045139777,1,1,1,NA,0,0,0,0.0137198424111816,1,1,1,NA,0,0,0,0.0137198424111816,1,1,1
"414","SVl8",0.0214924240812338,1,1,1,NA,0,0,0,0.00616190436316273,1,1,1,NA,0,0,0,0.0214924240812338,1,1,1
"415","SVl9",0.112752300617346,1,1,1,NA,0,0,0,0.0278580325661143,1,1,1,NA,0,0,0,0.112752300617346,1,1,1
"416","SVmp1",0.0000316241613510943,1,1,1,NA,0,0,0,0.00000904952673188392,1,1,1,NA,0,0,0,0.0000316241613510943,1,1,1
"417","SVmp2",0.00000559185519802672,1,1,1,NA,0,0,0,0.0000725469634901888,1,1,1,NA,0,0,0,0.0000725469634901888,1,1,1
"418","SVmp7",0,1,1,1,NA,0,0,0,NA,0,0,0,NA,0,0,0,0,1,1,1
"419","SVs1",0.00311009976250885,1,1,1,NA,0,0,0,0.00243676874121577,1,1,1,NA,0,0,0,0.00311009976250885,1,1,1
"420","SVs2",0.0123352229201777,1,1,1,NA,0,0,0,0.00485049793166845,1,1,1,NA,0,0,0,0.0123352229201777,1,1,1
"421","SVs3",0.115259056527877,1,1,1,NA,0,0,0,NA,0,0,0,0.00115074889381403,1,1,1,0.115259056527877,1,1,1
"422","SVs4",0.075621990689317,1,1,1,NA,0,0,0,0.00490326634861917,1,1,1,NA,0,0,0,0.075621990689317,1,1,1
"423","SVs5",0.182556396744185,1,1,1,NA,0,0,0,NA,0,0,0,0.000974699361172452,1,1,1,0.182556396744185,1,1,1
"424","SVs6",0.0835707114819484,1,1,1,NA,0,0,0,0.0184137275910755,1,1,1,0.00028725801538814,1,1,1,0.0835707114819484,1,1,1
"425","SVs7",0.0971798204237838,1,1,1,NA,0,0,0,0.000124612780420572,1,1,1,NA,0,0,0,0.0971798204237838,1,1,1
"426","SVs8",0.0786386049716596,1,1,1,NA,0,0,0,NA,0,0,0,NA,0,0,0,0.0786386049716596,1,1,1
