"","T_MAPCODE","lc_1","lc_2","lc_3","lc_4","lc_5","lc_6","lc_7","lc_8","ext_tot","ext_rem","prc_inv","EOO","AOO","B1i_inv","B2i_inv","D1_inv","D3_inv"
"1","AT15",14.5748,0.0228,0.002,0.0012,0,0,0,0,14.6008,14.5748,0,45.81732988,4,"LC","LC","LC","LC"
"2","AT16",50.7916,1.5216,0.0668,0.0864,0.38,0.5496,0,0.3732,53.7692,51.1648,1,158.7300091,4,"LC","LC","LC","LC"
"3","AT17",543.8892,47.6384,0.4696,5.178,97.258,0.0904,1.8284,32.8508,729.2028,576.74,6,4479.418635,44,"LC","LC","LC","LC"
"4","AT18",985.4428,46.7556,0.4148,2.1232,90.6864,0.0144,0.9264,49.2676,1175.6312,1034.7104,5,5899.127087,55,"LC","LC","LC","LC"
"5","AT19",1044.362,6.8396,1.9008,1.5808,5.7004,0.0132,0.006,17.4644,1077.8672,1061.8264,2,13147.0364,75,"LC","LC","LC","LC"
"6","AT20",18,2.2448,0.0892,12.7888,0,0.39,0.002,2.0016,35.5164,20.0016,10,115.0750943,3,"LC","LC","LC","LC"
"7","AT21",281.8196,17.9356,9.0576,18.3972,29.8148,0.0748,0.1292,29.078,386.3068,310.8976,9,2323.501603,26,"LC","LC","LC","LC"
"8","AT22",88.2424,33.0528,3.596,42.3192,43.9584,0.1168,0.048,4.1544,215.488,92.3968,4,946.9844025,13,"LC","LC","LC","LC"
"9","AT23",268.2676,22.5308,0.1236,9.1184,11.0316,0.0048,0.104,0.012,311.1928,268.2796,0,1798.098713,18,"LC","LC","LC","LC"
"10","AT24",2597.1272,168.8764,2.0328,54.8244,150.922,0.0532,1.3796,0.9192,2976.1348,2598.0464,0,11841.27979,74,"LC","LC","LC","LC"
"11","AT25",2104.238,8.8164,1.476,6.276,3.0756,0.1012,0,4.9824,2128.9656,2109.2204,0,11432.27995,68,"LC","LC","LC","LC"
"12","AT26",20.5856,2.2564,0.1196,0.2884,7.644,0,0,9.5884,40.4824,30.174,32,703.3072694,6,"CR","EN","VU","LC"
"13","AT27",1229.7364,3.5224,0.288,2.3584,2.5792,0.3768,0.0008,1.1172,1239.9792,1230.8536,0,16538.17698,68,"LC","LC","LC","LC"
"14","AT28",886.582,59.2348,1.0536,24.2292,35.904,0.026,1.8308,21.65,1030.5104,908.232,2,8464.25249,54,"LC","LC","LC","LC"
"15","AT29",767.5868,5.8052,0.6732,5.4792,4.2256,0.3748,0,0.4692,784.614,768.056,0,1803.9549,23,"LC","LC","LC","LC"
"16","AT30",625.2708,10.9716,2.344,8.5732,26.8176,0.0176,0.0088,0.0548,674.0584,625.3256,0,908.9116642,15,"LC","LC","LC","LC"
"17","AT31",204.3704,22.078,0.038,1.624,6.6248,0,0.2408,5.8256,240.8016,210.196,3,1244.820737,19,"LC","LC","LC","LC"
"18","AT32",3447.1656,44.9116,6.098,25.8092,66.0316,0.1016,2.5668,3.4996,3596.184,3450.6652,0,16791.80166,111,"LC","LC","LC","LC"
"19","AT33",483.5508,2.8392,0.9732,0.7872,3.124,0.006,0.0056,0.5196,491.8056,484.0704,0,5402.44638,38,"LC","LC","LC","LC"
"20","AT34",160.6464,1.668,0.1548,0.4096,3.5464,0.056,0.018,1.0276,167.5268,161.674,1,366.5261103,9,"LC","LC","LC","LC"
"21","AT35",17.9816,4.3784,0,0.1908,7.204,0,0,0.3928,30.1476,18.3744,2,85.62771439,6,"LC","LC","LC","LC"
"22","AT36",21.4644,3.8404,0.0032,5.4536,2.1304,0.1016,10.118,8.3,51.4116,29.7644,28,748.9482161,6,"LC","LC","LC","LC"
"23","AT37",95.7476,16.8064,0.0608,1.5372,51.9916,0.0708,0.0524,10.3796,176.6464,106.1272,10,1753.357094,14,"LC","LC","LC","LC"
"24","AT38",800.2284,102.0596,0.778,24.7132,293.258,0.83,19.45,49.5368,1290.854,849.7652,6,3614.052473,41,"LC","LC","LC","LC"
"25","AT39",216.8784,9.4396,0.0336,9.9416,8.1476,1.3132,0,0.1056,245.8596,216.984,0,1200.282188,16,"LC","LC","LC","LC"
"26","AT40",420.318,47.6636,0.13,40.6864,43.8236,0.2168,0.6368,42.842,596.3172,463.16,9,4454.141883,26,"LC","LC","LC","LC"
"27","AT41",199.1664,17.4088,0.1024,14.5064,63.2092,0.1468,4.2824,8.6992,307.5216,207.8656,4,1716.529991,20,"LC","LC","LC","LC"
"28","AT42",51.7304,4.1256,0.0264,0.58,3.3796,0.0056,0.0088,0,59.8564,51.7304,0,261.0963376,5,"LC","LC","LC","LC"
"29","AT43",264.9656,8.7552,0.8396,2.2956,8.4056,0.0092,0.038,0.8944,286.2032,265.86,0,1224.867412,13,"LC","LC","LC","LC"
"30","AT44",62.1252,19.9724,0.1012,73.1352,6.5576,0.3736,0.0624,1.13,163.4576,63.2552,2,542.2675896,7,"LC","LC","LC","LC"
"31","AT45",427.8508,79.3676,0.3772,6.7592,179.348,0.0616,0.6172,2.6436,697.0252,430.4944,1,2150.323235,24,"LC","LC","LC","LC"
"32","AT46",551.6024,6.466,1.358,4.0696,7.698,0.1732,0.024,0.4664,571.8576,552.0688,0,3798.219529,31,"LC","LC","LC","LC"
"33","AT47",886.0284,9.0408,0.9892,5.848,8.47,0.074,0,0.1252,910.5756,886.1536,0,2080.270095,28,"LC","LC","LC","LC"
"34","AT48",11.586,0.76,0.0036,5.8652,2.0568,0,0,0.1052,20.3768,11.6912,1,28.2881677,3,"LC","LC","LC","LC"
"35","AT49",5521.4964,42.2528,22.0328,23.084,35.1476,0.43,0.1548,2.5184,5647.1168,5524.0148,0,17378.90901,143,"LC","LC","LC","LC"
"36","AT50",499.994,18.766,0.6372,17.888,24.4908,0.0964,0.2216,15.4484,577.5424,515.4424,3,5641.342147,29,"LC","LC","LC","LC"
"37","AT51",1674.1876,41.4396,2.9284,72.394,148.5256,2.0644,2.3424,19.5208,1963.4028,1693.7084,1,7144.44123,62,"LC","LC","LC","LC"
"38","AT52",30.1796,4.216,0,0.0252,9.114,0,0,0.062,43.5968,30.2416,0,59.00719591,3,"LC","LC","LC","LC"
"39","AT53",14.6728,2.0232,0.0088,5.8448,0.5772,0,2.0992,1.8768,27.1028,16.5496,11,42.211326,3,"LC","LC","LC","LC"
"40","AT54",166.8232,1.0196,0.3336,0.038,1.426,0,0.004,18.076,187.7204,184.8992,10,3542.29472,17,"LC","LC","LC","LC"
"41","AT55",740.9276,8.8304,0.5152,2.0296,7.2928,0.0976,0.024,0.67,760.3872,741.5976,0,1687.656616,20,"LC","LC","LC","LC"
"42","AT56",447.0168,65.5988,0.54,65.1216,92.0744,0.7976,11.536,18.9324,701.6176,465.9492,4,1915.210447,30,"LC","LC","LC","LC"
"43","AT57",94.5828,9.2804,2.4812,11.866,7.4792,0.2652,0.1832,10.9268,137.0648,105.5096,10,2803.464089,11,"LC","LC","LC","LC"
"44","AT58",2220.6688,12.938,2.5696,5.6268,9.81,0.0816,0.0236,0.6264,2252.3448,2221.2952,0,7241.287773,70,"LC","LC","LC","LC"
"45","AZa1",16.0772,0.3704,0.0008,0.0332,0.0692,0,0.044,2.1096,18.7044,18.1868,12,561.7953257,5,"LC","LC","LC","LC"
"46","AZa2",83.212,44.0264,1.2644,10.5032,173.1772,0.0516,5.6008,32.9604,350.796,116.1724,28,11457.24672,34,"LC","LC","LC","LC"
"47","AZa3",504.3804,52.944,16.6428,10.2412,259.0696,0.9152,0.02,26.6032,870.8164,530.9836,5,43030.96213,97,"LC","LC","LC","LC"
"48","AZa4",1153.5564,92.1556,7.3076,19.2344,407.358,6.1288,6.7492,94.8564,1787.3464,1248.4128,8,43323.69605,113,"LC","LC","LC","LC"
"49","AZa5",2094.1228,233.212,299.1976,35.4304,528.3,8.5496,23.83,12.5252,3235.1676,2106.648,1,33725.68204,127,"LC","LC","LC","LC"
"50","AZa6",280.402,49.9704,6.8808,47.4756,250.6732,0.5884,11.7884,5.6276,653.4064,286.0296,2,12011.61527,53,"LC","LC","LC","LC"
"51","AZa7",854.4552,79.8992,23.7732,15.732,283.6452,1.852,21.8696,4.9092,1286.1356,859.3644,1,318531.5035,87,"LC","LC","LC","LC"
"52","AZd1",0.3172,0.5792,0.0664,0,0,5.4776,0,0,6.4404,0.3172,0,73.51331765,0,"LC","LC","LC","LC"
"53","AZd2",9.5168,0.19,0.002,0.0276,0,3.4796,0,0,13.216,9.5168,0,2742.359744,1,"LC","LC","LC","LC"
"54","AZd3",214.6956,2.4112,0.1296,2.4628,0,0.0504,0.002,0.5216,220.2732,215.2172,0,191365.9833,39,"LC","LC","LC","LC"
"55","AZd4",26.2448,0.8148,0.0124,0.6892,0,0.1444,0.1512,0.0252,28.082,26.27,0,35488.77075,4,"LC","LC","LC","LC"
"56","AZi1",1175.88,63.3588,1.9448,5.6828,90.1096,2.0616,0.6196,24.2476,1363.9048,1200.1276,2,37881.67528,195,"LC","LC","LC","LC"
"57","AZi3",1914.1824,13.0784,0.048,8.2368,0.1148,0.106,0.0992,0.434,1936.2996,1914.6164,0,119497.816,143,"LC","LC","LC","LC"
"58","AZi5",4797.13,149.6072,27.1388,7.9716,168.3156,7.8948,1.028,17.9092,5176.9952,4815.0392,0,141946.9064,364,"LC","LC","LC","LC"
"59","AZi6",4529.2416,232.488,44.4596,54.4504,429.9208,1.3824,5.258,5.7352,5302.936,4534.9768,0,78135.63103,335,"LC","LC","LC","LC"
"60","AZi7",1980.3152,91.5928,6.1872,4.746,43.002,0.1948,0.7232,3.3444,2130.1056,1983.6596,0,12014.88418,87,"LC","LC","LC","LC"
"61","AZi8",136.9348,39.9788,1.426,10.5184,210.1464,0.102,1.2408,6.832,407.1792,143.7668,5,5933.849228,28,"LC","LC","LC","LC"
"62","AZs3",11.972,0.5816,0.004,0.3284,0.0008,0,0.0796,0,12.9664,11.972,0,16493.61745,4,"LC","LC","LC","LC"
"63","CB1",822.6764,238.5128,3.6284,403.5356,197.9628,11.98,667.574,9.8716,2355.7416,832.548,1,8594.854371,66,"LC","LC","LC","LC"
"64","CB2",394.33,97.3652,0.1236,107.8276,10.918,1.038,503.826,6.7216,1122.15,401.0516,2,4918.309702,31,"LC","LC","LC","LC"
"65","CB3",555.6744,549.4732,8.952,1370.4136,1467.1028,5.2952,68.256,116.6396,4141.8068,672.314,17,8437.213536,74,"LC","LC","LC","LC"
"66","CB4",615.2756,204.3416,1.1276,119.2564,241.8156,1.6276,90.6432,25.8148,1299.9024,641.0904,4,3086.329174,35,"LC","LC","LC","LC"
"67","CB5",836.8404,252.1848,0.366,349.476,135.006,0.4428,13.6772,62.3928,1650.386,899.2332,7,3870.636975,40,"LC","LC","LC","LC"
"68","CB6",325.7884,263.1172,0.3756,338.6392,99.3548,2.1672,6.014,85.7228,1121.1792,411.5112,21,5845.995747,45,"LC","LC","LC","LC"
"69","Dg1",332.8976,0.0684,0.0132,0,0,2.954,0,0,335.9332,332.8976,0,477.8983176,8,"LC","LC","LC","LC"
"70","Dg10",2084.046,2.9548,0.0696,2.062,1.2672,4.0484,0.0004,0.2336,2094.682,2084.2796,0,7836.013306,68,"LC","LC","LC","LC"
"71","Dg2",361.3932,0.0176,0.0192,0,0,0,0,0,361.43,361.3932,0,509.760782,8,"LC","LC","LC","LC"
"72","Dg3",156.4688,0.0544,0.0004,0.0068,0,3.538,0,0,160.0684,156.4688,0,859.4970252,13,"LC","LC","LC","LC"
"73","Dg4",107.1928,0.0564,0.0732,0,0,0.4772,0,0,107.7996,107.1928,0,147.4507913,6,"LC","LC","LC","LC"
"74","Dg5",591.9344,0.0628,0.0948,0.194,0,0,0,0,592.286,591.9344,0,869.2165362,14,"LC","LC","LC","LC"
"75","Dg6",8.1068,0.0068,0,0.11,0,0,0,0,8.2236,8.1068,0,13.8777985,2,"LC","LC","LC","LC"
"76","Dg7",244.0452,0.3164,0.0136,1.3168,0.4576,0.8552,0,0,247.0048,244.0452,0,294.9471668,5,"LC","LC","LC","LC"
"77","Dg8",342.9244,0.028,0.0064,0.1928,0,0.0476,0,0,343.1992,342.9244,0,503.8998912,10,"LC","LC","LC","LC"
"78","Dg9",1198.1952,7.3652,0.0152,7.5132,4.0952,0.6388,0.1016,0.0656,1217.99,1198.2608,0,6410.819074,50,"LC","LC","LC","LC"
"79","Dn1",1.3532,0.524,0.0156,0.5464,0,14.6536,0,0,17.0928,1.3532,0,12.67384286,0,"LC","LC","LC","LC"
"80","Dn2",1.01,0.092,0,0,0,0.4408,0,0,1.5428,1.01,0,1.378662051,0,"LC","LC","LC","LC"
"81","Dn3",122.5984,4.1688,0.0124,2.5372,0,10.6056,0,0,139.9224,122.5984,0,262.5722186,5,"LC","LC","LC","LC"
"82","Dn4",194.7612,2.4548,0.0908,1.5324,1.0424,17.1332,0,0,217.0148,194.7612,0,386.1980345,8,"LC","LC","LC","LC"
"83","Dn5",384.4044,2.6576,0.112,1.6808,0,29.4208,0,0,418.2756,384.4044,0,845.8349561,12,"LC","LC","LC","LC"
"84","FFa1",50.6348,22.5992,7.7224,0.9744,95.6472,0.0092,0.15,2.328,180.0652,52.9628,4,887.8102549,12,"LC","LC","LC","LC"
"85","FFa2",129.5276,66.5596,4.6548,19.4772,234.71,0.2776,7.0224,39.4204,501.6496,168.948,23,2080.24014,16,"LC","LC","LC","LC"
"86","FFa3",107.7764,75.832,19.7576,37.0512,196.066,0.1264,11.3212,29.2232,477.154,136.9996,21,2354.29011,21,"LC","LC","LC","LC"
"87","FFa4",3.5076,5.8176,0.2292,19.5712,4.916,0.0008,0.1824,1.6144,35.8392,5.122,32,95.44640343,3,"CR","EN","VU","LC"
"88","FFb1",253.444,8.0212,1.0792,0.5048,10.7668,0.008,0.4636,4.7812,279.0688,258.2252,2,8843.675429,53,"LC","LC","LC","LC"
"89","FFb2",110.3816,3.4464,0.0588,0.0476,0.8176,0,1.9536,17.8252,134.5308,128.2068,14,13057.50438,47,"LC","LC","LC","LC"
"90","FFb3",96.312,0.052,0.0124,0.0276,0.058,0,0.0208,1.3948,97.8776,97.7068,1,6889.757159,36,"LC","LC","LC","LC"
"91","FFb4",43.8128,1.9892,0.0096,0.0976,4.416,0,1.3932,10.244,61.9624,54.0568,19,6731.781133,26,"LC","LC","LC","LC"
"92","FFb5",90.1104,5.0508,0.1172,0.2444,6.9676,0.0036,0.1804,5.7152,108.3896,95.8256,6,4529.078702,35,"LC","LC","LC","LC"
"93","FFb6",18.3932,9.504,0.6264,2.5332,24.8904,0.0112,11.2112,10.8748,78.0444,29.268,37,4361.308655,11,"EN","EN","VU","LC"
"94","FFc1",264.1504,100.908,1.5288,9.104,347.8244,0.198,20.9868,124.4644,869.1648,388.6148,32,3617.497062,34,"EN","VU","VU","LC"
"95","FFd1",1104.5212,121.6196,0.0004,0.4344,70.4788,1.7672,0.0012,2.154,1300.9768,1106.6752,0,6299.96488,50,"LC","LC","LC","LC"
"96","FFd10",13.1808,8.3692,0.126,9.6132,5.3676,0.0244,98.4024,16.5952,151.6788,29.776,56,400.3505995,7,"CR","EN","EN","VU"
"97","FFd11",26.8916,1.8988,0.0668,1.4812,12.7992,0.242,0.1032,33.1272,76.61,60.0188,55,983.3356171,5,"CR","EN","EN","VU"
"98","FFd2",739.4932,344.926,1.4332,9.6324,940.0584,0.4168,2.2384,17.4624,2055.6608,756.9556,2,5498.405133,47,"LC","LC","LC","LC"
"99","FFd3",598.0652,157.5284,0.9452,7.9092,204.0376,0.1096,0.7656,40.2316,1009.5924,638.2968,6,2228.450893,26,"LC","LC","LC","LC"
"100","FFd4",205.7652,149.5252,1.018,22.484,180.3096,1.5268,3.336,125.0788,689.0436,330.844,38,2999.305885,26,"EN","VU","VU","LC"
"101","FFd5",59.1092,52.0984,1.6952,345.8316,63.2612,1.5284,3.6528,29.7568,556.9336,88.866,33,1632.336265,12,"CR","EN","VU","LC"
"102","FFd6",34.874,5.4932,0.1052,29.9516,0.6328,0.0632,0.918,16.5428,88.5808,51.4168,32,1823.977395,9,"CR","EN","VU","LC"
"103","FFd7",95.3188,22.7024,0.3704,2.118,102.1564,0.0692,0.48,24.2296,247.4448,119.5484,20,1247.806155,17,"LC","LC","LC","LC"
"104","FFd8",40.4992,8.4184,35.6776,0.7304,8.7456,0.5368,0.158,2.92,97.686,43.4192,7,858.792765,7,"LC","LC","LC","LC"
"105","FFd9",223.5896,80.6528,0.066,5.6108,163.4664,0.1224,3.2284,40.5536,517.29,264.1432,15,2815.361154,27,"LC","LC","LC","LC"
"106","FFf1",151.2524,98.3512,2.0204,9.1712,345.5932,0.2264,5.132,82.2548,694.0016,233.5072,35,3002.170287,24,"EN","VU","VU","LC"
"107","FFf2",13.7612,8.7708,0.0444,0.1508,12.05,0.0032,0.1928,5.6148,40.588,19.376,29,108.751919,3,"LC","LC","LC","LC"
"108","FFg1",64.0016,0.1256,0,0.1652,0.5044,0,0,0.0208,64.8176,64.0224,0,652.4491809,7,"LC","LC","LC","LC"
"109","FFg2",186.1164,72.2776,8.544,38.498,84.9748,0.1032,40.0244,93.4508,523.9892,279.5672,33,2695.816694,26,"EN","VU","VU","LC"
"110","FFg3",20.5816,8.45,0.0844,40.9388,4.1116,0,6.9976,10.6316,91.7956,31.2132,34,417.5633165,5,"CR","EN","VU","LC"
"111","FFg4",11.0792,1.1208,0.0364,0.0024,1.64,0,0,3.0552,16.934,14.1344,22,161.5855108,3,"LC","LC","LC","LC"
"112","FFg5",90.7276,61.4604,1.946,51.1492,188.6512,0.6644,16.6732,86.9504,498.2224,177.678,49,913.7123884,15,"CR","EN","VU","LC"
"113","FFh1",193.0272,63.9516,11.5472,3.5848,147.6468,0.0324,2.4148,5.7724,427.9772,198.7996,3,1717.98276,19,"LC","LC","LC","LC"
"114","FFh10",239.768,2.7188,0.0196,0.1788,2.068,0,0.334,38.1804,283.2676,277.9484,14,2892.61647,29,"LC","LC","LC","LC"
"115","FFh11",3.4948,1.568,0.014,4.7872,0,0.0004,0.8928,1.872,12.6292,5.3668,35,20.38625867,1,"CR","CR","VU","LC"
"116","FFh2",101.2732,3.358,0.0592,0.0404,1.7936,0.002,0,0.0076,106.534,101.2808,0,436.1782593,10,"LC","LC","LC","LC"
"117","FFh3",61.5896,7.1656,0.2304,0.2276,3.6408,0.0208,0.1564,2.0956,75.1268,63.6852,3,942.3442757,12,"LC","LC","LC","LC"
"118","FFh4",164.5388,33.9736,2.5944,2.98,69.5044,0.1,4.1112,39.0736,316.876,203.6124,19,3739.40539,26,"LC","LC","LC","LC"
"119","FFh5",25.3132,16.6724,0.8576,9.3344,11.0656,0.0012,10.2704,10.4896,84.0044,35.8028,29,2187.982602,9,"LC","LC","LC","LC"
"120","FFh6",42.9312,41.2924,34.0836,6.6216,115.3484,0.0764,14.9612,24.1768,279.4916,67.108,36,1262.866847,12,"CR","EN","VU","LC"
"121","FFh7",125.2404,19.77,0.6936,4.1988,91.6572,0.0032,2.1192,22.9356,266.618,148.176,15,1052.033663,13,"LC","LC","LC","LC"
"122","FFh8",139.8892,24.018,0.4332,0.644,14.94,0.0064,2.2828,4.554,186.7676,144.4432,3,2548.91743,15,"LC","LC","LC","LC"
"123","FFh9",109.8816,61.3468,2.5496,37.866,133.7436,0.0724,84.294,133.8852,563.6392,243.7668,55,5140.617255,29,"EN","VU","EN","VU"
"124","FFl1",141.0128,9.8444,0.0632,8.382,11.1592,0.0252,0.0324,116.4396,286.9588,257.4524,45,1941.593189,19,"CR","EN","VU","LC"
"125","FFl2",515.524,12.0464,0.1808,4.0708,15.2232,1.0316,0.0936,146.0864,694.2568,661.6104,22,1679.06417,21,"LC","LC","LC","LC"
"126","FFl3",525.226,35.862,0.0024,2.5656,130.1448,0.1392,0.5952,97.1384,791.6736,622.3644,16,2439.184831,26,"LC","LC","LC","LC"
"127","FFq1",49.024,0,0,0,0,0,0,0,49.024,49.024,0,257.8622341,6,"LC","LC","LC","LC"
"128","FFq2",1616.7988,17.0264,0.4956,0.804,10.4292,0.0216,0,0.6116,1646.1872,1617.4104,0,3419.42712,39,"LC","LC","LC","LC"
"129","FFq3",1249.3328,12.5092,0.2076,0.57,4.8052,0.1648,0.0244,0.4712,1268.0852,1249.804,0,7718.464975,63,"LC","LC","LC","LC"
"130","FFq4",90.4036,2.316,0.2988,0.7972,2.9732,0.14,0.01,0.9172,97.856,91.3208,1,1138.182575,12,"LC","LC","LC","LC"
"131","FFq5",387.5412,0.3664,0.0312,0.084,0.0132,0,0,0.7748,388.8108,388.316,0,4626.252806,40,"LC","LC","LC","LC"
"132","FFq6",589.4048,7.018,0.0924,0.8696,3.7984,0.0632,2.862,79.1692,683.2776,668.574,12,3901.340334,42,"LC","LC","LC","LC"
"133","FFs1",789.7008,63.2016,0.2252,1.2576,147.6696,0.0024,1.2752,10.8192,1014.1516,800.52,1,3631.899032,31,"LC","LC","LC","LC"
"134","FFs10",906.9256,18.51,1.9936,2.5,8.5228,0.0676,10.3744,101.7284,1050.6224,1008.654,10,2437.235578,27,"LC","LC","LC","LC"
"135","FFs11",716.7116,73.9224,6.922,10.4388,22.0816,0.2464,37.104,46.808,914.2348,763.5196,6,1667.08404,24,"LC","LC","LC","LC"
"136","FFs12",888.3872,67.0556,0.414,11.4004,46.3588,0.3816,3.9336,161.4768,1179.408,1049.864,15,3385.397108,37,"LC","LC","LC","LC"
"137","FFs13",508.388,4.5872,0.0964,0.2244,5.6192,0.0924,0.0084,12.488,531.504,520.876,2,1515.09612,19,"LC","LC","LC","LC"
"138","FFs14",281.2228,7.404,0.33,0.4396,9.738,0.2412,7.6248,51.8824,358.8828,333.1052,16,1135.420239,15,"LC","LC","LC","LC"
"139","FFs15",869.694,36.1136,0.612,3.6504,45.0876,0.2304,1.5268,36.6628,993.5776,906.3568,4,7923.451361,52,"LC","LC","LC","LC"
"140","FFs16",1024.6388,14.8416,0.1568,0.8504,6.8272,0.0152,19.3196,148.6732,1215.3228,1173.312,13,5411.657559,53,"LC","LC","LC","LC"
"141","FFs17",91.1092,3.6244,0.0484,0.4236,2.254,0.0796,0.7208,9.1868,107.4468,100.296,9,159.5605787,7,"LC","LC","LC","LC"
"142","FFs18",676.7392,57.1428,0.6376,1.6052,80.6028,0.014,6.4864,55.5772,878.8052,732.3164,8,1785.451017,26,"LC","LC","LC","LC"
"143","FFs19",678.3608,125.1648,0.702,15.7608,74.9156,0.2328,306.5588,369.3688,1571.0644,1047.7296,35,4173.596256,43,"EN","VU","VU","LC"
"144","FFs2",919.0656,99.4892,1.5792,6.3712,296.2244,0.1792,1.5256,18.7124,1343.1468,937.778,2,5082.237246,53,"LC","LC","LC","LC"
"145","FFs20",1023.9236,120.7388,7.012,24.024,394.1624,0.0528,184.7972,543.788,2298.4988,1567.7116,35,3079.756733,46,"EN","VU","VU","LC"
"146","FFs21",316.7032,0.1448,0.0288,0.0248,0.1024,0,0,1.3356,318.3396,318.0388,0,1079.901515,18,"LC","LC","LC","LC"
"147","FFs22",382.3384,2.5152,0.004,0.0664,0.356,0,0.0072,3.0384,388.3256,385.3768,1,1177.078043,16,"LC","LC","LC","LC"
"148","FFs23",845.11,3.7252,0.166,0.3624,1.8268,0.004,0,0.998,852.1924,846.108,0,4474.320015,43,"LC","LC","LC","LC"
"149","FFs24",1074.4776,1.1852,0.23,0.4196,0.6284,0.0056,0.0624,7.7796,1084.7884,1082.2572,1,4384.958593,49,"LC","LC","LC","LC"
"150","FFs25",329.7992,1.5024,0.0268,0.0608,0.0732,0,0,1.106,332.5684,330.9052,0,709.679405,14,"LC","LC","LC","LC"
"151","FFs26",278.9348,5.8316,0.0528,0.1716,10.9248,0,0.1196,8.1492,304.1844,287.084,3,592.6839483,12,"LC","LC","LC","LC"
"152","FFs27",2038.2544,74.8452,0.2596,2.436,70.082,0.062,99.2808,117.7212,2402.9412,2155.9756,5,8603.635103,69,"LC","LC","LC","LC"
"153","FFs28",3440.1536,124.202,1.536,24.692,186.1376,0.158,18.9508,256.35,4052.18,3696.5036,7,10476.01296,102,"LC","LC","LC","LC"
"154","FFs29",87.0988,31.5244,0.1448,128.3748,36.7336,0.5524,5.1852,44.5824,334.1964,131.6812,34,445.7764344,8,"CR","EN","VU","LC"
"155","FFs3",452.386,15.9004,0.0768,0.536,11.9596,0,0.4228,16.9568,498.2384,469.3428,4,2787.288284,25,"LC","LC","LC","LC"
"156","FFs30",37.4788,0.0104,0.0052,0.0292,0,0,0,0.0016,37.5252,37.4804,0,4707.702167,9,"LC","LC","LC","LC"
"157","FFs31",50.7844,0.0396,0.0004,0.0048,0,0,0,0.0056,50.8348,50.79,0,1118.08715,11,"LC","LC","LC","LC"
"158","FFs32",353.5048,50.5664,0.03,0.3784,142.6544,0,0.0068,0.808,547.9488,354.3128,0,1307.54331,16,"LC","LC","LC","LC"
"159","FFs4",2211.1628,98.5504,2.8464,4.1188,181.8432,0.1168,3.4056,21.596,2523.64,2232.7588,1,4973.867617,53,"LC","LC","LC","LC"
"160","FFs5",1034.4368,41.1856,4.76,1.9692,34.214,0.1012,2.6984,16.6208,1135.986,1051.0576,2,2233.630916,30,"LC","LC","LC","LC"
"161","FFs6",347.5856,18.0836,0.606,2.3172,29.7536,0.1608,1.2492,23.1204,422.8764,370.706,6,856.7413311,13,"LC","LC","LC","LC"
"162","FFs7",366.9432,5.3552,1.8752,0.4988,14.7992,0.016,0.444,4.1396,394.0712,371.0828,1,1029.757367,13,"LC","LC","LC","LC"
"163","FFs8",308.4636,1.3024,0.2012,0.4368,1.9728,0.0224,0.0772,7.27,319.7464,315.7336,2,787.3268006,14,"LC","LC","LC","LC"
"164","FFs9",181.3556,5.3516,0.3476,7.3996,0.1496,0.0092,2.9128,21.9204,219.4464,203.276,11,488.4404375,12,"LC","LC","LC","LC"
"165","FFt1",385.5812,3.628,0.0964,0.2088,5.2524,0.0016,0.0256,10.1604,404.9544,395.7416,3,1202.115011,22,"LC","LC","LC","LC"
"166","FFt2",146.7668,8.3012,0.038,2.2836,18.914,0.0232,0.0316,34.804,211.1624,181.5708,19,957.0193591,11,"LC","LC","LC","LC"
"167","FOa1",133.068,10.5376,0.6292,0.22,31.7456,0,0.008,0.3488,176.5572,133.4168,0,78523.07413,34,"LC","LC","LC","LC"
"168","FOa2",72.7668,20.9288,0.0768,1.3912,4.4036,0.0144,0.818,0.1024,100.502,72.8692,0,17901.17785,22,"LC","LC","LC","LC"
"169","FOa3",20.5424,1.2832,0.1232,1.8008,0.0264,0.0268,0.0012,0.0156,23.8196,20.558,0,38231.9017,4,"LC","LC","LC","LC"
"170","FOz1",593.192,135.128,0.0808,1.1516,12.2696,0.0008,7.24,39.02,788.0828,632.212,6,125260.6447,59,"LC","LC","LC","LC"
"171","FOz2",176.4136,28.7268,0.01,0.1296,0.046,0.0004,2.7396,6.0072,214.0732,182.4208,3,181409.8919,61,"LC","LC","LC","LC"
"172","FOz3",838.8612,170.3876,0.0336,0.5692,0.4524,0.0008,6.48,45.49,1062.2748,884.3512,5,151896.5129,183,"LC","LC","LC","LC"
"173","FOz4",275.7168,93.5388,0.014,0.0216,0.4488,0,6.4248,13.1936,389.3584,288.9104,5,47077.72723,50,"LC","LC","LC","LC"
"174","FOz5",930.2796,65.5376,0.1348,2.2784,13.5024,0.1336,1.7048,15.9068,1029.478,946.1864,2,178728.6377,182,"LC","LC","LC","LC"
"175","FOz6",147.4196,13.0572,0,0.1852,21.0516,0,0.0116,3.5092,185.2344,150.9288,2,51589.81548,14,"LC","LC","LC","LC"
"176","FOz7",513.8584,123.71,0.8116,20.9884,7.1404,8.5524,4.2344,1.09,680.3856,514.9484,0,25652.53,82,"LC","LC","LC","LC"
"177","FOz8",244.2272,16.1232,0.1876,2.3628,2.5296,0,0.0428,0.018,265.4912,244.2452,0,4701.764351,33,"LC","LC","LC","LC"
"178","FOz9",79.7184,0.1152,0.002,0.0004,0.2668,0,0,1.542,81.6448,81.2604,2,40154.37645,19,"LC","LC","LC","LC"
"179","FRa1",149.8204,81.5236,7.9796,29.7188,202.528,0.252,1.2672,24.5864,497.676,174.4068,14,2225.363994,24,"LC","LC","LC","LC"
"180","FRa2",32.0992,6.8936,0.0668,1.5408,17.9068,0,0.1308,4.434,63.072,36.5332,12,723.0662765,8,"LC","LC","LC","LC"
"181","FRc1",11.0976,12.8464,0.266,2.3956,71.9024,0.214,0.6352,1.7044,101.0616,12.802,13,5168.441968,1,"LC","LC","LC","LC"
"182","FRc2",25.2176,22.2272,0.1764,2.474,154.4772,0.3728,1.5344,3.2764,209.756,28.494,11,6229.923698,10,"LC","LC","LC","LC"
"183","FRd1",186.2556,10.784,0.6572,0.3612,10.2192,0.0184,0.2168,10.982,219.4944,197.2376,6,3622.143145,20,"LC","LC","LC","LC"
"184","FRd2",565.0504,7.3216,0.276,0.2668,5.7304,0.0056,0,0.2752,578.926,565.3256,0,2005.234376,24,"LC","LC","LC","LC"
"185","FRg1",252.6696,18.6664,0.0424,0.6116,33.4172,0.014,0,0.1184,305.5396,252.788,0,6593.15449,26,"LC","LC","LC","LC"
"186","FRg2",115.8176,135.1444,4.986,50.166,596.5736,0.8448,9.7424,38.066,951.3408,153.8836,25,3605.80829,29,"LC","LC","LC","LC"
"187","FRg3",15.998,0.2064,0,0.0068,0.1264,0,0.0028,2.8352,19.1756,18.8332,15,25.58366204,1,"LC","LC","LC","LC"
"188","FRl1",412.6584,27.8308,1.434,1.9792,37.536,0.0168,0.2108,20.0228,501.6888,432.6812,5,1159.866766,19,"LC","LC","LC","LC"
"189","FRs1",190.22,6.8308,0.0436,0.1132,4.1416,0,0.1304,5.8264,207.306,196.0464,3,2154.65089,20,"LC","LC","LC","LC"
"190","FRs10",1.9732,2.3368,0.0436,19.9136,0,0,0.4664,0.54,25.2736,2.5132,21,44.58345309,1,"LC","LC","LC","LC"
"191","FRs11",117.4692,97.4064,24.1488,14.3212,898.7092,0.15,5.8856,35.58,1193.6704,153.0492,23,1846.579477,24,"LC","LC","LC","LC"
"192","FRs12",162.212,129.306,1.6464,15.9736,1679.9888,0.2228,4.6632,33.4932,2027.506,195.7052,17,4180.985879,33,"LC","LC","LC","LC"
"193","FRs13",334.6832,238.282,1.2988,18.216,2101.2008,1.3332,4.4736,63.0824,2762.57,397.7656,16,4591.980171,49,"LC","LC","LC","LC"
"194","FRs14",239.05,93.9168,0.5676,8.4632,435.6572,0.9276,0.4532,87.4952,866.5308,326.5452,27,1844.316858,24,"LC","LC","LC","LC"
"195","FRs15",263.0504,6.3052,0.2176,0.654,4.8236,0,0.166,1.1936,276.4104,264.244,0,1248.264085,20,"LC","LC","LC","LC"
"196","FRs16",1096.0016,66.3464,1.342,5.582,170.3344,0.1076,0.0352,8.1152,1347.8644,1104.1168,1,5903.943571,47,"LC","LC","LC","LC"
"197","FRs17",46.02,27.554,2.4188,7.01,102.4792,0.0524,3.4552,18.1488,207.1384,64.1688,28,3237.255399,22,"LC","LC","LC","LC"
"198","FRs18",118.4396,0.0176,0.0004,0.0016,0.0264,0,0,0.2368,118.7224,118.6764,0,424.8912812,9,"LC","LC","LC","LC"
"199","FRs19",116.952,34.1996,2.284,11.7608,168.256,0.7552,0.0036,38.9388,373.15,155.8908,25,2107.5874,17,"LC","LC","LC","LC"
"200","FRs2",103.5336,35.192,0.0532,1.8724,76.9488,0.026,0.406,0.8048,218.8368,104.3384,1,717.4438879,9,"LC","LC","LC","LC"
"201","FRs20",10.4512,6.9988,1.3608,3.5376,23.2624,0.0116,0.3828,0.986,46.9912,11.4372,9,417.2272384,5,"LC","LC","LC","LC"
"202","FRs3",3147.4044,35.4044,3.3836,2.4708,27.5628,0.228,0.156,0.862,3217.472,3148.2664,0,12844.59637,81,"LC","LC","LC","LC"
"203","FRs4",204.0684,83.984,7.6292,11.9908,176.1592,0.0312,0.5768,7.31,491.7496,211.3784,3,1760.893134,17,"LC","LC","LC","LC"
"204","FRs5",1198.5348,32.7876,0.5936,1.1564,2.6676,0.1068,0.064,0.6028,1236.5136,1199.1376,0,3289.691308,32,"LC","LC","LC","LC"
"205","FRs6",1806.9676,158.62,3.1488,7.6168,115.5596,0.6476,0.2648,3.0204,2095.8456,1809.988,0,6248.108058,65,"LC","LC","LC","LC"
"206","FRs7",1277.0004,143.1004,4.3368,12.6664,150.9956,0.1384,3.1508,16.4604,1607.8492,1293.4608,1,8781.296478,57,"LC","LC","LC","LC"
"207","FRs8",586.598,148.5904,6.248,16.58,245.282,1.5308,15.0468,29.8832,1049.7592,616.4812,5,4785.752309,37,"LC","LC","LC","LC"
"208","FRs9",398.972,414.086,16.3136,129.7128,3884.906,10.5652,21.9332,87.2656,4963.7544,486.2376,18,10531.74819,91,"LC","LC","LC","LC"
"209","FS1",233.9788,57.274,0.0288,6.6296,53.7356,0.7012,0.1164,1.8132,354.2776,235.792,1,1253.141566,15,"LC","LC","LC","LC"
"210","FS10",189.566,2.2504,0.0168,14.8632,0.1048,0.0904,0.0084,115.976,322.876,305.542,38,8530.91948,33,"EN","VU","VU","LC"
"211","FS11",22.7344,0.0316,0,0.118,0.0028,0,0,16.7136,39.6004,39.448,42,85.69274714,5,"CR","EN","VU","LC"
"212","FS12",69.1848,3.9112,0.016,23.7876,0,0.1808,0.1572,21.8216,119.0592,91.0064,24,4956.790609,10,"LC","LC","LC","LC"
"213","FS13",29.506,0.4888,0.0012,4.8892,0.0008,0,1.1196,5.6384,41.644,35.1444,16,801.0552353,4,"LC","LC","LC","LC"
"214","FS14",44.4912,0.7,0.0648,10.6492,0.5572,0.0216,0,40.4412,96.9252,84.9324,48,1119.904783,8,"CR","EN","VU","LC"
"215","FS2",75.9844,31.7308,0.0204,23.742,161.7712,2.9436,0.312,2.32,298.8244,78.3044,3,1102.319439,13,"LC","LC","LC","LC"
"216","FS3",559.8176,311.9316,0.7496,28.9164,709.0996,9.2964,2.5624,21.0312,1643.4048,580.8488,4,5158.496452,42,"LC","LC","LC","LC"
"217","FS4",48.714,7.2632,0,1.7516,2.7948,0.2244,0.0004,0.8156,61.564,49.5296,2,793.4973066,10,"LC","LC","LC","LC"
"218","FS5",258.2436,20.906,0.6748,19.044,9.1396,1.5148,0.0844,34.7572,344.3644,293.0008,12,4473.393093,33,"LC","LC","LC","LC"
"219","FS6",110.1872,12.9176,1.7964,187.0756,8.1692,4.854,0.9576,72.9652,398.9228,183.1524,40,2792.449494,19,"EN","EN","VU","LC"
"220","FS7",22.4376,1.3856,0.0252,4.324,3.5992,0,0,15.0572,46.8288,37.4948,40,6173.867055,8,"EN","EN","VU","LC"
"221","FS9",4.746,4.6008,0.0332,2.5392,7.5676,0,0.8888,7.6144,27.99,12.3604,62,234.5165512,2,"CR","CR","EN","VU"
"222","Gd1",3946.6436,200.7428,16.8532,61.464,220.53,0.3248,324.1044,256.284,5026.9468,4202.9276,6,13760.36291,120,"LC","LC","LC","LC"
"223","Gd10",2753.2812,0.2688,3.0456,0.6128,73.5768,0,0,0.0028,2830.788,2753.284,0,11951.10056,90,"LC","LC","LC","LC"
"224","Gd2",151.0752,0.9964,0.0504,0.078,0.9544,0.0064,2.652,2.5108,158.3236,153.586,2,1628.709932,19,"LC","LC","LC","LC"
"225","Gd3",2403.4284,177.5636,17.374,15.256,344.1608,0.7324,1.8324,5.8336,2966.1812,2409.262,0,5034.783727,54,"LC","LC","LC","LC"
"226","Gd4",5878.804,142.5092,4.072,62.3312,348.7028,0.4044,95.1476,115.0548,6647.026,5993.8588,2,27746.50666,174,"LC","LC","LC","LC"
"227","Gd5",1102.8668,31.0452,3.6668,48.2312,34.0016,0.1,4.3844,13.226,1237.522,1116.0928,1,6787.27755,47,"LC","LC","LC","LC"
"228","Gd6",21.128,0.0216,0.0004,0.0004,0.0468,0,0.0004,0.4196,21.6172,21.5476,2,7312.49147,9,"LC","LC","LC","LC"
"229","Gd7",1344.1312,0.4484,0.2516,0.122,0.148,0,0.0544,1.7908,1346.9464,1345.922,0,8340.146353,44,"LC","LC","LC","LC"
"230","Gd8",17285.904,24.2524,46.7892,4.6276,2801.5952,0.0968,0.5608,5.4624,20169.2884,17291.3664,0,46169.09771,357,"LC","LC","LC","LC"
"231","Gd9",1855.9928,0,0.2276,1.704,350.3664,0,0,0,2208.2908,1855.9928,0,4171.145551,48,"LC","LC","LC","LC"
"232","Gh1",8119.8952,96.866,13.8864,17.21,97.9832,0.5212,5.6212,18.638,8370.6212,8138.5332,0,52010.78122,232,"LC","LC","LC","LC"
"233","Gh10",5802.1332,2121.3272,100.4916,268.2568,17325.192,70.9192,266.1204,11.2836,25965.724,5813.4168,0,62463.69551,417,"LC","LC","LC","LC"
"234","Gh11",413.7364,94.5128,2.754,30.5916,363.0972,0.4856,15.144,3.2352,923.5568,416.9716,1,1684.969493,20,"LC","LC","LC","LC"
"235","Gh12",220.3396,43.116,0.9164,24.0436,11.0916,26.3872,2.8116,0.7892,329.4952,221.1288,0,449.7492844,9,"LC","LC","LC","LC"
"236","Gh13",2117.6664,490.9204,5.8692,119.3184,997.074,5.2616,24.014,6.0984,3766.2224,2123.7648,0,14437.17915,66,"LC","LC","LC","LC"
"237","Gh14",3672.834,1019.8384,28.882,156.9916,4240.4628,23.788,41.942,2.6708,9187.4096,3675.5048,0,21087.15852,147,"LC","LC","LC","LC"
"238","Gh15",5456.0056,946.4936,13.5496,582.2948,1452.9448,21.1468,113.0728,12.9716,8598.4796,5468.9772,0,29449.71486,158,"LC","LC","LC","LC"
"239","Gh2",5642.37,390.3388,72.3404,20.4052,983.362,0.9488,35.4056,18.0616,7163.2324,5660.4316,0,15310.06295,130,"LC","LC","LC","LC"
"240","Gh3",12352.3744,260.9932,269.4976,33.916,429.252,4.512,37.0844,4.8072,13392.4368,12357.1816,0,22593.86346,204,"LC","LC","LC","LC"
"241","Gh4",9239.0492,101.6096,173.4168,18.9112,118.5656,2.0964,13.9288,10.1928,9677.7704,9249.242,0,58590.36547,417,"LC","LC","LC","LC"
"242","Gh5",2575.0948,299.8928,16.6844,270.7072,1750.992,3.3624,31.1832,1.6816,4949.5984,2576.7764,0,7471.390087,79,"LC","LC","LC","LC"
"243","Gh6",10466.1704,952.1556,125.2832,231.1964,4039.9644,33.7604,142.4592,21.9108,16012.9004,10488.0812,0,34033.37531,254,"LC","LC","LC","LC"
"244","Gh7",1284.864,67.9972,4.8092,82.4128,117.5428,1.278,11.7656,1.2812,1571.9508,1286.1452,0,22925.06983,110,"LC","LC","LC","LC"
"245","Gh8",65.7364,4.264,0.1428,3.3752,5.388,0.2056,0.9604,0.3944,80.4668,66.1308,1,12589.27845,16,"LC","LC","LC","LC"
"246","Gh9",5306.9972,446.3704,33.418,34.6964,1210.5232,14.7508,27.5488,0,7074.3048,5306.9972,0,15417.29212,122,"LC","LC","LC","LC"
"247","Gm1",2802.012,201.1952,16.7836,129.0404,1087.0048,1.0512,19.8168,11.1944,4268.0984,2813.2064,0,11927.0771,94,"LC","LC","LC","LC"
"248","Gm10",176.4848,140.5216,4.3496,678.5236,50.5212,10.05,26.0916,6.6584,1093.2008,183.1432,4,1196.296317,18,"LC","LC","LC","LC"
"249","Gm11",4132.0012,1529.2128,64.6888,527.826,3820.4068,99.6304,257.7384,77.366,10508.8704,4209.3672,2,51640.2252,198,"LC","LC","LC","LC"
"250","Gm12",3627.2244,2560.904,182.0952,382.488,4359.7476,438.0444,1141.6492,80.188,12772.3408,3707.4124,2,23004.02852,176,"LC","LC","LC","LC"
"251","Gm13",2118.176,551.5128,14.456,72.2548,1110.134,4.3892,48.0456,8.0836,3927.052,2126.2596,0,7256.956417,74,"LC","LC","LC","LC"
"252","Gm14",2894.3124,269.3416,19.3552,15.5884,376.6936,0.7052,118.6136,55.8,3750.41,2950.1124,2,7449.258226,67,"LC","LC","LC","LC"
"253","Gm15",1898.6676,478.6024,5.7496,131.7536,427.446,1.556,1204.6684,68.406,4216.8496,1967.0736,3,11686.37436,101,"LC","LC","LC","LC"
"254","Gm16",5221.17,681.0836,21.6612,181.8688,1006.7288,3.2256,2430.7924,107.7056,9654.236,5328.8756,2,18471.99954,155,"LC","LC","LC","LC"
"255","Gm17",794.0128,52.3956,0.95,3.1272,9.612,0.514,419.594,11.188,1291.3936,805.2008,1,2997.310435,30,"LC","LC","LC","LC"
"256","Gm19",832.8988,207.8852,2.9412,10.2688,288.2956,7.964,16.4356,14.1628,1380.852,847.0616,2,2594.081203,32,"LC","LC","LC","LC"
"257","Gm2",2815.2608,17.1904,16.5124,51.578,832.4828,0,0.49,3.5144,3737.0288,2818.7752,0,13760.53633,105,"LC","LC","LC","LC"
"258","Gm20",18.3784,0.3872,0,0.2532,1.2792,0,0.0404,0,20.3384,18.3784,0,62.29200488,2,"LC","LC","LC","LC"
"259","Gm21",1184.9132,120.3844,15.9156,32.1924,174.5072,2.1672,13.2348,7.7624,1551.0772,1192.6756,1,3456.909643,39,"LC","LC","LC","LC"
"260","Gm22",337.67,83.7248,0.3952,24.1624,27.5708,4.2184,447.0168,14.416,939.1744,352.086,4,3102.104281,25,"LC","LC","LC","LC"
"261","Gm23",730.4196,97.7896,0.1492,13.7216,8.3376,0.5456,493.6128,29.3672,1373.9432,759.7868,4,12576.35682,48,"LC","LC","LC","LC"
"262","Gm24",9.1872,0.4604,0,0.0252,0,0,0.1828,0.1456,10.0012,9.3328,2,5185.150507,4,"LC","LC","LC","LC"
"263","Gm25",94.7296,28.9516,4.7408,4.03,25.2592,0,263.8676,9.0556,430.6344,103.7852,9,885.1880331,12,"LC","LC","LC","LC"
"264","Gm26",235.2112,4.338,0.0028,0.0928,0.748,0.0008,13.176,7.01,260.5796,242.2212,3,1116.678628,13,"LC","LC","LC","LC"
"265","Gm27",258.712,5.4808,0.0048,0.1704,0.6656,0.066,0.5348,2.432,268.0664,261.144,1,1993.071714,20,"LC","LC","LC","LC"
"266","Gm28",87.406,0.7276,0,0.0028,0.1836,0,1.4056,4.15,93.8756,91.556,5,808.2269192,10,"LC","LC","LC","LC"
"267","Gm29",501.2464,10.4452,0.206,0.258,8.8896,0.004,0.7104,1.4624,523.222,502.7088,0,20180.11738,40,"LC","LC","LC","LC"
"268","Gm3",5933.2316,1192.654,86.754,179.24,7469.7808,2.448,124.7064,75.1636,15063.9784,6008.3952,1,30463.63981,239,"LC","LC","LC","LC"
"269","Gm30",2540.874,330.0268,11.4744,31.2656,183.0388,8.3368,683.1592,70.4568,3858.6324,2611.3308,3,5659.921898,61,"LC","LC","LC","LC"
"270","Gm31",526.5588,55.276,0.2128,1.5052,7.1508,0.0504,447.8244,9.6028,1048.1812,536.1616,2,1690.665584,22,"LC","LC","LC","LC"
"271","Gm4",7373.8796,961.9144,109.5724,189.714,5382.4388,1.8276,161.5104,73.8908,14254.748,7447.7704,1,35443.33609,258,"LC","LC","LC","LC"
"272","Gm5",2408.32,97.198,2.142,29.766,833.3632,1.0912,43.6052,54.0652,3469.5508,2462.3852,2,37148.60795,228,"LC","LC","LC","LC"
"273","Gm6",5462.0584,645.3192,340.7752,68.9256,3326.9904,1.8712,42.7932,2.92,9891.6532,5464.9784,0,13921.41552,138,"LC","LC","LC","LC"
"274","Gm7",27.6156,0.8112,0.0168,0.0692,1.254,0,0.2776,0.004,30.0484,27.6196,0,13754.86264,9,"LC","LC","LC","LC"
"275","Gm8",5468.5872,1846.9692,147.0256,1323.2152,5387.4328,107.8424,176.1064,35.7608,14492.9396,5504.348,1,26759.68416,214,"LC","LC","LC","LC"
"276","Gm9",434.8268,196.8308,9.9256,289.222,341.9152,17.7392,21.7496,1.0164,1313.2256,435.8432,0,5385.283129,38,"LC","LC","LC","LC"
"277","Gs1",273.8572,36.0488,1.6464,10.3224,26.8016,0.28,182.6648,7.592,539.2132,281.4492,3,3870.448132,23,"LC","LC","LC","LC"
"278","Gs10",6978.8332,662.8196,24.28,687.308,1112.4192,1.1788,880.3876,597.3864,10944.6128,7576.2196,8,54121.64895,266,"LC","LC","LC","LC"
"279","Gs11",958.716,358.2124,21.7308,287.6108,340.5172,0.3592,313.002,62.0096,2342.158,1020.7256,6,5757.899612,49,"LC","LC","LC","LC"
"280","Gs12",4274.752,970.792,31.816,775.9148,1880.3804,1.8964,369.2416,423.332,8728.1252,4698.084,9,16700.91936,166,"LC","LC","LC","LC"
"281","Gs13",146.1904,83.15,21.208,17.8468,220.296,0.452,1.7408,2.076,492.96,148.2664,1,1438.42379,16,"LC","LC","LC","LC"
"282","Gs14",2075.5436,590.3324,6.1892,932.6216,1420.84,2.6852,193.1448,60.3152,5281.672,2135.8588,3,11307.13894,96,"LC","LC","LC","LC"
"283","Gs15",3629.4112,545.5532,52.8828,496.992,1297.7184,1.412,34.6892,78.6028,6137.2616,3708.014,2,13583.55945,124,"LC","LC","LC","LC"
"284","Gs16",2976.9668,143.5576,15.1688,188.534,271.4748,1.5556,5.7836,3.2532,3606.2944,2980.22,0,6853.747227,73,"LC","LC","LC","LC"
"285","Gs17",4144.248,22.0076,4.4032,14.67,28.7272,0.6588,0.922,26.5508,4242.1876,4170.7988,1,27218.58012,200,"LC","LC","LC","LC"
"286","Gs18",1406.8572,11.238,1.0376,4.0284,9.5524,0.0824,0.6016,0.5344,1433.932,1407.3916,0,5358.444453,42,"LC","LC","LC","LC"
"287","Gs19",1212.326,522.2756,27.6816,466.274,555.1768,1.712,116.4676,122.3228,3024.2364,1334.6488,9,21538.63015,107,"LC","LC","LC","LC"
"288","Gs2",1235.5368,82.7132,0.5064,50.2128,111.084,0.1104,58.0416,7.286,1545.4912,1242.8228,1,11671.36702,61,"LC","LC","LC","LC"
"289","Gs20",2031.1532,1013.0776,6.4096,1191.0508,1094.8044,0.8328,716.8968,226.3688,6280.594,2257.522,10,24558.33591,160,"LC","LC","LC","LC"
"290","Gs3",1470.6832,76.2248,7.0544,17.3096,28.8932,0.0304,48.8744,93.208,1742.278,1563.8912,6,16228.08381,61,"LC","LC","LC","LC"
"291","Gs4",4106.2116,1042.2728,106.8888,515.362,1296.3924,11.268,225.312,136.7184,7440.426,4242.93,3,24918.266,169,"LC","LC","LC","LC"
"292","Gs6",3246.7748,830.7132,41.5472,306.424,695.6244,9.17,40.3772,56.8376,5227.4684,3303.6124,2,41839.55101,133,"LC","LC","LC","LC"
"293","Gs7",2361.4936,937.0984,18.086,444.5424,873.6216,5.3308,8.2428,5.1912,4653.6068,2366.6848,0,8098.094658,76,"LC","LC","LC","LC"
"294","Gs8",1622.75,302.3748,36.3376,50.9632,502.7164,0.3444,305.4192,41.51,2862.4156,1664.26,2,9437.14873,62,"LC","LC","LC","LC"
"295","Gs9",1884.9608,808.5232,18.9668,733.3372,980.3712,0.8488,2410.1576,135.068,6972.2336,2020.0288,7,23010.69293,135,"LC","LC","LC","LC"
"296","NKb1",4633.1516,6.3412,0.4664,3.7744,21.4308,1.7244,0.0336,4.2816,4671.204,4637.4332,0,54631.03793,219,"LC","LC","LC","LC"
"297","NKb2",601.392,0.2916,0.0204,1.0484,4.6348,0.1008,0,0,607.488,601.392,0,1573.404357,20,"LC","LC","LC","LC"
"298","NKb3",40831.2,78.6436,7.7844,138.4432,91.3008,16.2424,0.886,88.7956,41253.296,40919.9956,0,114332.6315,685,"LC","LC","LC","LC"
"299","NKb4",2669.6652,2.8532,0.0084,1.4764,0.2404,2.3024,0,0.654,2677.2,2670.3192,0,39630.01153,95,"LC","LC","LC","LC"
"300","NKb5",8541.2812,25.4316,5.7392,48.6964,10.5064,4.8824,0.044,2.2512,8638.8324,8543.5324,0,34373.60113,203,"LC","LC","LC","LC"
"301","NKb6",40848.726,151.004,30.5868,82.6416,45.51,30.6728,0.282,61.2452,41250.6684,40909.9712,0,63134.7663,563,"LC","LC","LC","LC"
"302","NKl1",20074.4708,52.0812,13.9664,41.7676,19.8656,2.654,0.874,0.2656,20205.9452,20074.7364,0,28825.11208,275,"LC","LC","LC","LC"
"303","NKl2",8163.9876,58.7208,18.9104,30.592,45.5484,3.038,0.2628,0.3032,8321.3632,8164.2908,0,18190.70532,155,"LC","LC","LC","LC"
"304","NKl4",682.9408,10.7276,1.0188,2.8188,44.6124,0.028,0.2748,0.272,742.6932,683.2128,0,5346.284014,31,"LC","LC","LC","LC"
"305","NKu1",16962.6756,103.7696,23.9348,24.1152,28.0348,3.7996,0.9008,2.3452,17149.5756,16965.0208,0,27601.06162,248,"LC","LC","LC","LC"
"306","NKu2",11698.924,13.94,3.036,6.9564,2.8908,0.8372,0.2544,7.4368,11734.2756,11706.3608,0,97641.6767,603,"LC","LC","LC","LC"
"307","NKu3",39857.0128,706.0236,54.522,106.6512,1331.596,46.1368,24.558,147.2268,42273.7272,40004.2396,0,88583.21187,634,"LC","LC","LC","LC"
"308","NKu4",48064.478,742.2748,334.2584,84.6072,569.1644,2.766,17.1184,19.7672,49834.4344,48084.2452,0,101007.8427,737,"LC","LC","LC","LC"
"309","SKk1",1666.8136,2.534,0.0064,2.7776,0.0372,1.5688,0,0.0364,1673.774,1666.85,0,4512.490747,41,"LC","LC","LC","LC"
"310","SKk2",129.1548,0.4268,0,0.1672,0,0.1568,0,0,129.9056,129.1548,0,782.1677445,9,"LC","LC","LC","LC"
"311","SKk3",1298.7552,7.04,0.2484,2.9772,7.9368,3.7688,0.0852,0.0744,1320.886,1298.8296,0,6998.020019,48,"LC","LC","LC","LC"
"312","SKk4",978.134,2.0836,0.0928,1.4008,0.4388,0.134,0.0256,1.2384,983.548,979.3724,0,8051.443332,40,"LC","LC","LC","LC"
"313","SKk5",824.0772,32.9472,0.7392,11.1508,105.6292,8.4092,0.4776,5.0996,988.53,829.1768,1,4019.425582,37,"LC","LC","LC","LC"
"314","SKk6",56.868,0.556,0.0268,0.2268,0.796,1.1784,0.0104,0.164,59.8264,57.032,0,1793.959565,11,"LC","LC","LC","LC"
"315","SKk7",128.5824,12.2756,10.8148,4.9908,25.446,0.068,0.7572,2.2788,185.2136,130.8612,2,631.121688,8,"LC","LC","LC","LC"
"316","SKk8",0.6316,0.35,0,0.002,1.8736,0,0.0028,0,2.86,0.6316,0,1125.737009,0,"LC","LC","LC","LC"
"317","SKk9",140.0916,1.7836,0.1072,0.1028,0.5156,0,0.0296,0.1352,142.7656,140.2268,0,2506.053724,20,"LC","LC","LC","LC"
"318","SKn1",7341.7424,165.878,0.1604,17.6108,49.7472,6.7612,0,0.2624,7582.1624,7342.0048,0,39308.88927,204,"LC","LC","LC","LC"
"319","SKn2",534.2036,3.3812,0.0208,0.6852,0.8304,0.2112,0,0,539.3324,534.2036,0,1107.328793,18,"LC","LC","LC","LC"
"320","SKn3",2890.808,137.7476,0.1408,14.6048,60.0876,4.3912,0,0.216,3107.996,2891.024,0,12601.05549,104,"LC","LC","LC","LC"
"321","SKn4",4581.2452,193.1132,0.0512,11.3776,244.5988,10.2068,0,0.0208,5040.6136,4581.266,0,17280.72918,136,"LC","LC","LC","LC"
"322","SKn5",650.5384,1.1996,0.0024,1.01,0.1976,0.3956,0,0,653.3436,650.5384,0,2023.842537,26,"LC","LC","LC","LC"
"323","SKn6",391.354,2.3876,0.0228,0.0728,2.8048,0.0004,0,0.152,396.7944,391.506,0,4399.343333,28,"LC","LC","LC","LC"
"324","SKn7",907.9312,26.3076,0.0112,0.9536,61.3304,0.6148,0,0,997.1488,907.9312,0,3919.086655,43,"LC","LC","LC","LC"
"325","SKr1",1199.7416,0.2392,0.022,0.306,0,0.0924,0,0,1200.4012,1199.7416,0,2137.561117,30,"LC","LC","LC","LC"
"326","SKr10",127.1424,0.2252,0,0.168,0,0.034,0,0,127.5696,127.1424,0,144.3346894,3,"LC","LC","LC","LC"
"327","SKr11",128.1204,0.084,0,0.982,0,0.0888,0,0,129.2752,128.1204,0,214.4363357,4,"LC","LC","LC","LC"
"328","SKr12",611.8968,0.1088,0.0008,0.0808,0,0.0592,0,0,612.1464,611.8968,0,1227.465574,17,"LC","LC","LC","LC"
"329","SKr13",721.8316,0.3468,0.0024,0.4376,0,0.0576,0,0,722.676,721.8316,0,1638.55566,24,"LC","LC","LC","LC"
"330","SKr14",365.2156,0.2072,0,0.092,0,0.0484,0,0,365.5632,365.2156,0,1259.758031,14,"LC","LC","LC","LC"
"331","SKr15",200.304,34.992,0,0.0556,6.4272,0.0004,0,0,241.7792,200.304,0,369.1462773,7,"LC","LC","LC","LC"
"332","SKr16",432.3352,0.096,0.0124,0.142,0,0.2592,0,0,432.8448,432.3352,0,611.2946985,11,"LC","LC","LC","LC"
"333","SKr17",259.666,0.2244,0,0.3088,0,0.5464,0,0,260.7456,259.666,0,509.0475642,11,"LC","LC","LC","LC"
"334","SKr18",812.362,1.2172,0.0564,0.3812,0.002,3.762,0,0,817.7808,812.362,0,10628.05109,67,"LC","LC","LC","LC"
"335","SKr19",367.7144,0.5796,0.3812,0.8232,0.0032,2.4512,0.0104,0,371.9632,367.7144,0,6499.073941,35,"LC","LC","LC","LC"
"336","SKr2",191.3312,0.0772,0,0.686,0,0.0192,0,0,192.1136,191.3312,0,310.9232123,7,"LC","LC","LC","LC"
"337","SKr3",170.7376,0.0196,0.008,0.0092,0,0,0,0,170.7744,170.7376,0,188.9617241,5,"LC","LC","LC","LC"
"338","SKr4",827.1612,7.1572,0,0.844,0,1.0624,0,0,836.2248,827.1612,0,2980.053286,28,"LC","LC","LC","LC"
"339","SKr5",18.3652,0,0,0,0,0,0,0,18.3652,18.3652,0,20.44042552,2,"LC","LC","LC","LC"
"340","SKr6",65.8232,0.0456,0,0,0,0.004,0,0,65.8728,65.8232,0,165.8484514,5,"LC","LC","LC","LC"
"341","SKr7",326.5544,0.0816,0.0004,0.4776,0,0.0356,0,0,327.1496,326.5544,0,2199.528039,19,"LC","LC","LC","LC"
"342","SKr8",50.5104,0.0204,0.0268,0,0,0,0,0,50.5576,50.5104,0,66.17438065,3,"LC","LC","LC","LC"
"343","SKr9",3.2652,0,0,0,0,0,0,0,3.2652,3.2652,0,4.207755122,1,"LC","LC","LC","LC"
"344","SKs1",311.0076,15.8712,0.198,3.3724,0,177.572,0,0,508.0212,311.0076,0,1304.176772,20,"LC","LC","LC","LC"
"345","SKs10",133.9984,2.1276,0,0.3028,0,0,0,0,136.4288,133.9984,0,243.9409375,4,"LC","LC","LC","LC"
"346","SKs11",286.6852,0.1152,0,0.1548,0,0.024,0,0,286.9792,286.6852,0,7954.436558,19,"LC","LC","LC","LC"
"347","SKs12",423.5092,30.5684,0.0192,1.7792,13.7116,0.1464,0.18,0.0148,469.9288,423.524,0,2447.645116,19,"LC","LC","LC","LC"
"348","SKs13",106.7764,22.8636,0.2644,2.464,66.8332,0.078,0.4756,1.3744,201.1296,108.1508,1,853.5021802,12,"LC","LC","LC","LC"
"349","SKs14",643.816,41.4676,0.1036,3.9812,144.188,5.1304,0.0604,0.1984,838.9456,644.0144,0,6694.115852,47,"LC","LC","LC","LC"
"350","SKs2",524.9028,2.216,0,1.0592,0,7.9224,0,0,536.1004,524.9028,0,821.4148715,14,"LC","LC","LC","LC"
"351","SKs3",302.72,4.1596,0,0.0028,0,24.5176,0,0,331.4,302.72,0,685.0390796,11,"LC","LC","LC","LC"
"352","SKs4",441.4408,1.6332,0,0.2672,0,5.7028,0,0,449.044,441.4408,0,1236.36826,19,"LC","LC","LC","LC"
"353","SKs5",565.6908,0.0196,0,0.0848,0,0.3144,0,0,566.1096,565.6908,0,993.2934924,15,"LC","LC","LC","LC"
"354","SKs6",122.7916,0.0632,0,0.244,0,0.2032,0,0,123.302,122.7916,0,213.9441,5,"LC","LC","LC","LC"
"355","SKs7",2539.5816,219.4792,1.2548,12.3708,338.6232,39.308,0.746,0.4296,3151.7932,2540.0112,0,13857.28478,94,"LC","LC","LC","LC"
"356","SKs8",727.288,25.4496,0.3788,3.2456,0.0028,111.6664,0,0,868.0312,727.288,0,2567.075683,32,"LC","LC","LC","LC"
"357","SKs9",884.5824,18.1984,0.172,1.3408,5.1312,7.806,0.0008,0.1608,917.3924,884.7432,0,6931.679021,48,"LC","LC","LC","LC"
"358","SKt1",101.3284,0.0864,0,0.346,0,0.0184,0,0,101.7792,101.3284,0,877.0713217,7,"LC","LC","LC","LC"
"359","SKt2",7308.8684,147.9216,3.9088,24.6484,140.8076,1.4348,0.7352,4.2292,7632.554,7313.0976,0,11398.74606,120,"LC","LC","LC","LC"
"360","SKt3",5217.6908,64.3328,10.1648,12.0992,47.3572,0.758,0.5668,5.0264,5357.996,5222.7172,0,12514.79069,99,"LC","LC","LC","LC"
"361","SKv1",446.6128,39.304,0.7272,1.394,50.972,0.1116,0.2488,1.3696,540.74,447.9824,0,4077.196544,25,"LC","LC","LC","LC"
"362","SKv10",226.2012,6.2244,0.2888,1.7636,5.5616,0.0144,0.0076,0.0644,240.126,226.2656,0,4419.677244,28,"LC","LC","LC","LC"
"363","SKv11",1367.92,66.4828,5.01,27.2376,108.6168,1.7032,0.354,1.246,1578.5704,1369.166,0,4790.322234,51,"LC","LC","LC","LC"
"364","SKv13",2512.5996,16.432,6.6752,7.862,10.1468,0.0952,0.0816,1.3684,2555.2608,2513.968,0,5523.533369,59,"LC","LC","LC","LC"
"365","SKv14",769.1764,11.0984,1.4768,6.7568,4.5032,0.204,0.0216,0.0684,793.3056,769.2448,0,3468.004991,39,"LC","LC","LC","LC"
"366","SKv2",557.1484,1.7084,0.2148,0.068,0.2232,0.022,0,0.0016,559.3864,557.15,0,1752.891124,23,"LC","LC","LC","LC"
"367","SKv3",902.4948,12.1904,0.1728,0.6828,12.4728,0.0032,0.06,0.4956,928.5724,902.9904,0,3069.11865,32,"LC","LC","LC","LC"
"368","SKv4",1313.5804,3.5484,0.1,0.7264,0.4044,0.002,0.0068,0,1318.3684,1313.5804,0,5580.268908,45,"LC","LC","LC","LC"
"369","SKv5",6919.632,31.4724,1.6076,9.6788,20.7164,0.9384,0.0716,4.1892,6988.3064,6923.8212,0,13660.2922,125,"LC","LC","LC","LC"
"370","SKv6",4674.4992,19.0248,2.134,9.0232,8.5052,0.7724,0.1644,0.366,4714.4892,4674.8652,0,9123.828544,85,"LC","LC","LC","LC"
"371","SKv7",494.3032,43.302,4.746,21.2148,86.7404,0.3876,0.7124,1.9488,653.3552,496.252,0,2838.393063,26,"LC","LC","LC","LC"
"372","SKv8",3928.9004,70.1688,4.9184,14.9612,86.0792,0.6576,0.4468,2.8924,4109.0248,3931.7928,0,10270.17349,93,"LC","LC","LC","LC"
"373","SVcb1",5108.8792,661.012,14.0152,40.2936,783.5532,41.752,1.9516,0,6651.4568,5108.8792,0,18754.42525,173,"LC","LC","LC","LC"
"374","SVcb10",897.3464,158.91,2.4796,100.9424,178.4088,15.916,65.8288,22.3168,1442.1488,919.6632,2,15533.94288,59,"LC","LC","LC","LC"
"375","SVcb11",2477.8436,216.6908,16.7488,171.44,343.4412,4.85,38.8268,15.7952,3285.6364,2493.6388,1,43221.30243,143,"LC","LC","LC","LC"
"376","SVcb12",10836.298,2117.1008,113.628,1612.2548,2600.1708,21.292,56.7608,26.5868,17384.092,10862.8848,0,41978.26708,319,"LC","LC","LC","LC"
"377","SVcb13",1913.4024,68.3244,5.6688,40.8532,25.6732,1.7828,3.5648,7.0332,2066.3028,1920.4356,0,6610.415079,64,"LC","LC","LC","LC"
"378","SVcb14",441.114,157.338,25.4764,14.3328,119.956,0.408,1.1536,0.1132,759.892,441.2272,0,1986.312374,25,"LC","LC","LC","LC"
"379","SVcb15",2855.8392,1192.388,22.906,417.7104,2691.2592,8.686,8.9332,0.4932,7198.2152,2856.3324,0,13513.5201,121,"LC","LC","LC","LC"
"380","SVcb16",9879.8608,943.4928,32.248,565.4136,641.8896,7.9448,6.35,0.9464,12078.146,9880.8072,0,34133.49073,267,"LC","LC","LC","LC"
"381","SVcb17",8201.7648,377.3332,9.8144,22.32,257.7488,10.1352,9.2336,12.8812,8901.2312,8214.646,0,20749.4781,183,"LC","LC","LC","LC"
"382","SVcb18",5101.8224,568.8996,5.7232,198.0788,616.146,1.6248,4.0652,0,6496.36,5101.8224,0,10475.31971,98,"LC","LC","LC","LC"
"383","SVcb19",10665.7168,387.902,5.0944,109.6904,806.062,38.2188,8.9748,0,12021.6592,10665.7168,0,26724.5722,182,"LC","LC","LC","LC"
"384","SVcb2",1075.802,11.1124,0.1348,12.4868,6.1796,1.3244,0.398,0.0544,1107.4924,1075.8564,0,6998.740086,41,"LC","LC","LC","LC"
"385","SVcb20",6199.8004,1573.792,12.1668,582.3732,1624.2072,33.0856,65.566,19.8984,10110.8896,6219.6988,0,15278.59242,146,"LC","LC","LC","LC"
"386","SVcb21",2879.1692,359.2716,11.9276,306.1692,159.0664,0.3616,265.2808,166.4928,4147.7392,3045.662,5,8552.26669,79,"LC","LC","LC","LC"
"387","SVcb22",0.4716,0.0704,0,0,0,0,0,0.06,0.602,0.5316,11,1.114277259,0,"LC","LC","LC","LC"
"388","SVcb23",2507.468,567.6872,7.3236,571.2748,767.3516,7.6684,4.918,11.6368,4445.3284,2519.1048,0,6855.316109,70,"LC","LC","LC","LC"
"389","SVcb24",590.0596,33.0848,0.36,19.3944,13.5648,0.5792,3.21,6.6572,666.91,596.7168,1,6744.264469,40,"LC","LC","LC","LC"
"390","SVcb25",822.5048,19.1644,0.0468,24.3148,22.7796,0.474,0.5672,1.4724,891.324,823.9772,0,5826.595785,37,"LC","LC","LC","LC"
"391","SVcb26",1735.6736,62.144,1.112,70.8912,111.4144,1.0488,5.5412,12.1916,2000.0168,1747.8652,1,8376.351591,57,"LC","LC","LC","LC"
"392","SVcb27",1209.8788,344.934,3.7644,433.1236,498.5896,32.228,0.0904,0.2252,2522.834,1210.104,0,4653.161972,50,"LC","LC","LC","LC"
"393","SVcb28",1809.668,126.632,20.946,144.0328,185.6092,29.02,0.048,0.1888,2316.1448,1809.8568,0,6059.762359,51,"LC","LC","LC","LC"
"394","SVcb29",373.6608,7.424,0.362,2.8868,3.3612,0.3196,0.1624,0,388.1768,373.6608,0,3340.106969,22,"LC","LC","LC","LC"
"395","SVcb3",886,183.6424,14.4696,89.7212,149.2352,0.9444,4.4232,3.586,1332.022,889.586,0,5638.601945,48,"LC","LC","LC","LC"
"396","SVcb4",3649.8324,198.9152,7.8288,62.6452,147.6316,9.7944,33.7836,12.0392,4122.4704,3661.8716,0,21020.56572,142,"LC","LC","LC","LC"
"397","SVcb5",359.8116,3.5572,0.0684,3.6388,0,0.0004,0.0272,0,367.1036,359.8116,0,564.4748924,9,"LC","LC","LC","LC"
"398","SVcb6",702.168,570.6208,27.1304,514.8676,360.3828,76.6764,26.4404,6.8116,2285.098,708.9796,1,6427.25622,50,"LC","LC","LC","LC"
"399","SVcb7",360.9248,38.2276,2.2796,60.828,12.1616,16.0704,0.8104,0.026,491.3284,360.9508,0,3265.492873,31,"LC","LC","LC","LC"
"400","SVcb8",836.2832,300.1768,26.1784,244.464,335.3724,19.8024,64.0376,7.0788,1833.3936,843.362,1,8118.074289,64,"LC","LC","LC","LC"
"401","SVcb9",2561.0888,168.5156,5.2632,130.3192,151.9024,4.9004,50.6184,31.924,3104.532,2593.0128,1,36063.97631,134,"LC","LC","LC","LC"
"402","SVk1",12001.8444,1210.3804,0.6452,93.756,2115.7684,1.5416,7.2684,0.1264,15431.3308,12001.9708,0,31903.22462,229,"LC","LC","LC","LC"
"403","SVk10",5538.5864,115.444,0.7488,50.8052,93.946,36.504,1.858,1.098,5838.9904,5539.6844,0,64698.61384,222,"LC","LC","LC","LC"
"404","SVk11",13624.3908,187.6952,0.5972,56.8428,23.614,2.6504,1.2836,0.29,13897.364,13624.6808,0,22885.46613,192,"LC","LC","LC","LC"
"405","SVk12",7252.688,75.6032,1.3188,39.9628,1.5608,81.35,0.0912,0,7452.5748,7252.688,0,12608.7486,116,"LC","LC","LC","LC"
"406","SVk13",8397.928,53.5316,2.5276,24.9584,11.65,15.284,0.488,11.3272,8517.6948,8409.2552,0,20772.29101,178,"LC","LC","LC","LC"
"407","SVk14",880.634,18.0532,0.528,4.1236,1.1664,24.4692,0.0612,0.1884,929.224,880.8224,0,1543.554548,22,"LC","LC","LC","LC"
"408","SVk15",1616.6608,2.2976,0.188,1.0432,0,0.1012,0,0.554,1620.8448,1617.2148,0,12263.05505,82,"LC","LC","LC","LC"
"409","SVk16",7901.0464,9.2664,0.0152,3.4664,0.0104,0.0692,0,4.7188,7918.5928,7905.7652,0,42443.89966,151,"LC","LC","LC","LC"
"410","SVk17",3749.0196,821.194,18.402,470.4424,2158.6276,8.2376,6.9088,2.5524,7235.3844,3751.572,0,36872.44651,176,"LC","LC","LC","LC"
"411","SVk18",953.0492,25.3336,0.1524,11.174,3.3644,6.3328,0.1972,0,999.6036,953.0492,0,1312.457109,21,"LC","LC","LC","LC"
"412","SVk2",3225.5924,347.0108,6.392,33.184,569.5128,11.1568,11.874,1.83,4206.5528,3227.4224,0,17344.11899,94,"LC","LC","LC","LC"
"413","SVk3",576.2632,187.638,1.7488,17.4484,577.4428,2.8056,3.5856,0,1366.9324,576.2632,0,1700.845545,24,"LC","LC","LC","LC"
"414","SVk4",12450.1612,823.05,29.6436,190.0688,3062.29,48.8256,40.542,5.186,16649.7672,12455.3472,0,42742.66764,289,"LC","LC","LC","LC"
"415","SVk5",1418.1252,16.8372,3.2164,3.0416,12.0192,4.0516,0.376,0.2164,1457.8836,1418.3416,0,18756.64742,100,"LC","LC","LC","LC"
"416","SVk6",4219.6736,288.4944,35.0404,127.2604,616.5048,15.3664,10.808,0.7056,5313.8536,4220.3792,0,18032.2345,103,"LC","LC","LC","LC"
"417","SVk7",13110.9032,97.8516,14.83,69.3948,41.5,17.3972,6.9752,1.7316,13360.5836,13112.6348,0,16619.50565,178,"LC","LC","LC","LC"
"418","SVk8",3235.786,65.6516,4.4304,32.9844,20.2104,0.8776,3.5552,0.0124,3363.508,3235.7984,0,4434.208762,54,"LC","LC","LC","LC"
"419","SVk9",5503.8316,72.3692,1.3136,154.5744,3.6124,42.7688,0.7116,0.418,5779.5996,5504.2496,0,12050.6283,104,"LC","LC","LC","LC"
"420","SVkd1",36989.7872,26.5648,1.9416,16.2404,10.7404,6.5928,0.0708,14.9324,37066.8704,37004.7196,0,105628.5252,641,"LC","LC","LC","LC"
"421","SVkd2",2239.5116,1.806,0.016,1.0292,0,0.0108,0,0,2242.3736,2239.5116,0,17823.73221,64,"LC","LC","LC","LC"
"422","SVkd3",2898.1184,0.2644,0.0008,0.2164,0,0,0,0,2898.6,2898.1184,0,8222.225073,56,"LC","LC","LC","LC"
"423","SVkd4",762.2544,0.1196,0,0.0956,0,0,0,0,762.4696,762.2544,0,1946.198176,27,"LC","LC","LC","LC"
"424","SVl1",1554.754,255.972,2.9348,162.4688,88.2696,1.1476,0.6384,24.5056,2090.6908,1579.2596,2,11749.4717,55,"LC","LC","LC","LC"
"425","SVl10",608.9748,133.098,1.0852,124.1756,64.6896,1.2124,3.3264,6.2216,942.7836,615.1964,1,2079.966729,23,"LC","LC","LC","LC"
"426","SVl11",596.1784,7.152,0.1432,24.9712,1.7488,0.0116,0.0012,0.4088,630.6152,596.5872,0,1310.267225,18,"LC","LC","LC","LC"
"427","SVl12",355.7068,38.0252,0.6656,9.0816,31.6188,1.35,19.268,12.6788,468.3948,368.3856,3,1261.638471,18,"LC","LC","LC","LC"
"428","SVl13",70.3904,8.6136,0.1576,0.6848,9.3024,0.3992,17.8644,2.0708,109.4832,72.4612,3,4106.51579,19,"LC","LC","LC","LC"
"429","SVl14",3411.0428,152.9904,25.59,100.0412,751.2748,0.1064,9.6884,9.5784,4460.3124,3420.6212,0,17730.99517,118,"LC","LC","LC","LC"
"430","SVl15",1343.736,0.7772,0.7304,0.5388,0,0.0256,0,0,1345.808,1343.736,0,4904.974415,45,"LC","LC","LC","LC"
"431","SVl16",2239.71,105.0448,7.2924,113.3744,107.63,0.0064,0,12.1956,2585.2536,2251.9056,1,5667.109149,58,"LC","LC","LC","LC"
"432","SVl17",42.6524,17.1344,0.0808,55.4404,19.4224,0,0.012,0,134.7424,42.6524,0,2069.040193,14,"LC","LC","LC","LC"
"433","SVl18",864.822,82.858,1.8968,117.7284,41.7976,0.0196,15.0804,0.1912,1124.394,865.0132,0,2695.829502,33,"LC","LC","LC","LC"
"434","SVl19",80.6036,8.5528,0.2012,57.5248,5.844,0.0468,0,0.1724,152.9456,80.776,0,777.2303167,8,"LC","LC","LC","LC"
"435","SVl2",183.8284,0.0208,0.0016,0,0,0.0028,0,0,183.8536,183.8284,0,1350.443839,9,"LC","LC","LC","LC"
"436","SVl20",640.3728,294.8392,113.1516,230.7992,344.272,1.0104,12.4044,8.2752,1645.1248,648.648,1,5199.580571,48,"LC","LC","LC","LC"
"437","SVl21",266.8532,24.0604,2.1536,22.1276,18.1584,0.0004,0.0232,1.7176,335.0944,268.5708,1,4177.630137,30,"LC","LC","LC","LC"
"438","SVl22",3595.046,566.92,2.0936,384.414,441.1152,0.022,97.366,86.632,5173.6088,3681.678,2,14455.00773,124,"LC","LC","LC","LC"
"439","SVl23",5625.48,1086.0536,24.1688,595.4692,1140.3368,10.9604,3.4708,78.8204,8564.76,5704.3004,1,27037.38453,153,"LC","LC","LC","LC"
"440","SVl24",181.9752,165.5536,1.32,183.3092,155.9852,0.0504,6.1256,0.3048,694.624,182.28,0,922.5778268,16,"LC","LC","LC","LC"
"441","SVl25",465.9008,67.3404,0.5752,92.6892,18.4196,0.0112,8.6528,7.032,660.6212,472.9328,1,1975.171934,24,"LC","LC","LC","LC"
"442","SVl26",508.7988,43.1644,0.0104,91.8384,14.7612,0.0236,43.468,1.5452,703.61,510.344,0,1465.706484,21,"LC","LC","LC","LC"
"443","SVl27",410.0636,38.116,0.4976,49.1172,19.5336,0.08,5.8756,16.6244,539.908,426.688,4,926.8109621,14,"LC","LC","LC","LC"
"444","SVl3",14869.088,1574.4756,91.1176,1225.1032,2049.0268,8.9444,8.3508,13.052,19839.1584,14882.14,0,48356.32851,319,"LC","LC","LC","LC"
"445","SVl4",1966.7916,43.8924,17.8792,9.6504,681.8948,0.0256,0.6484,1.262,2722.0444,1968.0536,0,7834.873993,62,"LC","LC","LC","LC"
"446","SVl5",2975.0684,79.8916,5.4928,38.2076,470.3472,0.1192,0.8684,0.3008,3570.296,2975.3692,0,7717.28972,69,"LC","LC","LC","LC"
"447","SVl6",757.66,1.2516,0.1552,1.0572,0.0704,0.0108,0,0.0416,760.2468,757.7016,0,5300.610784,32,"LC","LC","LC","LC"
"448","SVl7",282.2684,19.094,0.0252,14.8556,2.9124,0.148,0.2052,3.9448,323.4536,286.2132,1,6210.888853,35,"LC","LC","LC","LC"
"449","SVl8",1709.2428,499.974,21.3396,354.12,506.8596,1.0176,267.8992,39.1128,3399.5656,1748.3556,2,9479.190325,68,"LC","LC","LC","LC"
"450","SVl9",1021.3484,613.3504,22.3416,306.0348,377.4112,1.8992,1125.8224,94.2652,3562.4732,1115.6136,8,8700.793382,66,"LC","LC","LC","LC"
"451","SVmp1",8132.7156,210.704,7.2076,65.8512,366.2176,11.5128,2.7936,0.3064,8797.3088,8133.022,0,13632.69887,137,"LC","LC","LC","LC"
"452","SVmp2",2718.026,25.8288,1.904,2.1896,28.6152,8.6196,0.3444,0.2132,2785.7408,2718.2392,0,16194.61039,108,"LC","LC","LC","LC"
"453","SVmp3",276.8356,0.1308,0.0416,0,0,0.0088,0,0.0424,277.0592,276.878,0,821.9491823,11,"LC","LC","LC","LC"
"454","SVmp4",2800.2144,3.4984,0.5812,0.134,0.7892,0.1612,0,0,2805.3784,2800.2144,0,4734.15714,56,"LC","LC","LC","LC"
"455","SVmp5",4722.0828,297.0032,4.936,93.22,199.1192,0.0912,0.628,0,5317.0804,4722.0828,0,12575.59988,105,"LC","LC","LC","LC"
"456","SVmp6",2431.4684,373.8728,6.5396,131.5592,204.3,6.1612,0.2112,0,3154.1124,2431.4684,0,7578.342642,58,"LC","LC","LC","LC"
"457","SVmp7",2027.626,54.184,4.1596,83.574,28.7832,27.0168,0.21,0,2225.5536,2027.626,0,4433.501829,46,"LC","LC","LC","LC"
"458","SVmp8",310.2836,0.1172,0.0204,0.0024,0,0.0144,0,0,310.438,310.2836,0,2389.550753,25,"LC","LC","LC","LC"
"459","SVs1",1964.9156,369.226,0.9868,200.3416,162.5988,0.8136,0.3416,7.3684,2706.5924,1972.284,0,5121.834748,56,"LC","LC","LC","LC"
"460","SVs2",1607.9876,296.6252,2.8632,179.8804,98.1692,0.898,5.4152,23.7624,2215.6012,1631.75,1,8207.216277,73,"LC","LC","LC","LC"
"461","SVs3",948.6996,205.9224,3.2324,181.6504,113.8696,0.4744,14.0596,65.5964,1533.5048,1014.296,6,9073.263412,55,"LC","LC","LC","LC"
"462","SVs4",309.506,118.2264,0.3372,187.3376,160.6444,0.1404,10.5124,16.3992,803.1036,325.9052,5,4283.35206,25,"LC","LC","LC","LC"
"463","SVs5",220.4164,165.7024,3.112,332.3448,606.4232,0.2712,454.4136,29.9172,1812.6008,250.3336,12,7395.012058,55,"LC","LC","LC","LC"
"464","SVs6",6611.0128,1587.1588,57.366,764.4256,709.8172,1.2208,27.9204,426.5628,10185.4844,7037.5756,6,64156.40512,297,"LC","LC","LC","LC"
"465","SVs7",4440.2484,953.1172,11.8048,887.7004,1019.3916,2.8884,104.5584,342.5676,7762.2768,4782.816,7,32535.59538,194,"LC","LC","LC","LC"
"466","SVs8",811.0276,168.6356,1.6312,158.1528,326.9736,1.3552,22.3344,37.6548,1527.7652,848.6824,4,11358.69763,57,"LC","LC","LC","LC"
