"","T_MAPCODE","niaps_ch1","niaps_ch2","niaps_ch4","niaps_ch3","niaps_ch6","niaps_ch5","niaps_ch7","niaps_ch8","niaps_ch9","niaps_ch10","sum_rem","niaps_ext50","niaps_ext70","niaps_ext90","YEAR"
"1","AT15",0.3148,1.1932,0.4108,0,0,0,0,0,0,0,14.5748,0.13165189230727,0.0281856354804183,0,2023
"2","AT16",0.7696,3.4368,0.61,0.024,0.0036,0,0,0,0,0.3716,51.1648,0.101937269372694,0.0197244980924385,0.0073331665520045,2023
"3","AT17",42.1832,13.2332,10.304,4.1224,5.5484,5.6868,7.9768,2.5396,0.2552,15.3032,576.74,0.18579047751153,0.0897048930193848,0.064691195339321,2023
"4","AT18",42.9356,42.8548,25.0552,13.5744,4.6324,10.218,8.7372,2.63,2.8052,28.0584,1034.7104,0.17541255988149,0.0925000850479516,0.0551663537932933,2023
"5","AT19",26.722,12.384,8.2812,0.9136,1.0748,2.8384,2.6252,0.3452,0.3316,0.506,1061.8264,0.052760036857249,0.0159310410816683,0.00727162180183126,2023
"6","AT20",0,0,0.116,0.3364,0.8596,0.0184,0,0.0472,0.004,0,20.0016,0.0690744740420766,0.0690744740420766,0.0464562834973202,2023
"7","AT21",18.6292,9.9224,12.5768,12.6404,3.4312,2.4772,6.9144,7.936,1.0672,9.7596,310.8976,0.274541842716058,0.182705816963528,0.101594865962298,2023
"8","AT22",0.882,1.4936,3.3072,4.7308,0.0404,1.6224,1.8956,1.6028,0.3604,0.334,92.3968,0.176079691071552,0.150368843942647,0.0633744891597977,2023
"9","AT23",12.0136,10.5192,0,0.092,0,0,0,0,0,0.012,268.2796,0.0843776418333708,0.000387655267116844,0.0000447294538980974,2023
"10","AT24",106.3336,33.0192,10.0236,1.8452,0.6844,1.36,0.04,0,0,0.1796,2598.0464,0.059077312860925,0.00543977967445077,0.000871424005360335,2023
"11","AT25",69.4464,10.062,1.36,5.7076,0,0,3.2716,0.2224,0,0,2109.2204,0.0427029816324553,0.00500734773852936,0.00165653622542244,2023
"12","AT26",0.0784,1.3416,0.9392,0.2668,0.0072,0.5596,2.6928,2.9776,0.2604,0.5292,30.174,0.319904553589183,0.272844170477895,0.232875985948167,2023
"13","AT27",18.6344,16.594,5.4404,0.0072,1.1188,0,0,0,0,0,1230.8536,0.0339559473198112,0.00533483429710893,0.000908962690607559,2023
"14","AT28",43.9724,37.6064,11.26,14.7528,1.4928,3.0512,6.2016,2.1408,3.2896,8.4856,908.232,0.145616098089475,0.0557945546952761,0.0271534145460631,2023
"15","AT29",8.2144,4.4272,0.1744,0.1132,0.4984,0,0,0,0,0,768.056,0.0174825793952524,0.00102336287979002,0.000648911016905017,2023
"16","AT30",15.7444,4.8404,3.3124,0,0,0,0.0556,0,0,0,625.3256,0.0383045248747213,0.00538599411250715,0.0000889136795295123,2023
"17","AT31",12.7408,3.7324,5.3032,1.1624,0.5492,1.634,0.4524,0.5812,0.0412,4.2704,210.196,0.144946621248739,0.0665759576775962,0.035816095453767,2023
"18","AT32",167.0544,90.9472,22.3904,12.3204,0.7528,0.7116,1.6448,0.2772,0.0224,0.8296,3450.6652,0.0860561030377563,0.0112874468377865,0.0012282849115585,2023
"19","AT33",0.9336,2.1972,0.1124,0.3792,0.0544,0.0576,0.2972,0.12,0,0,484.0704,0.00857643846845418,0.002108784176847,0.00109322941456449,2023
"20","AT34",0,0.114,0.0568,0.0308,0.0252,0.0012,0.4656,0.2308,0,0.2728,161.674,0.00740502492670436,0.00669990227247424,0.00615807118027636,2023
"21","AT35",0.6152,0.924,0.228,0.0276,0.334,0.0104,0,0.0348,0,0.0404,18.3744,0.120515499825845,0.0367467781260885,0.0228361198188784,2023
"22","AT36",0.4488,0.3656,0.4588,0.1904,0.6384,0.4076,4.2632,0.1616,0.1732,2.6884,29.7644,0.329118006746314,0.301756460738332,0.279945169396998,2023
"23","AT37",2.7928,2.8824,4.3356,2.9724,1.1752,0.7888,2.5308,0.8244,0.3804,0.5592,106.1272,0.181310729011978,0.127835276912987,0.0589745136025449,2023
"24","AT38",27.0128,12.6892,10.5644,3.4908,3.6032,6.2532,5.4116,7.9316,0.882,31.3256,849.7652,0.128464192226276,0.0817430509039438,0.0652029525332409,2023
"25","AT39",1.9532,3.2204,4.9916,0.9772,0.0852,0.206,0.022,0,0,0,216.984,0.0527946761051506,0.0289514434244,0.00144342439995576,2023
"26","AT40",11.3288,17.3336,18.8508,8.438,8.1932,11.2756,16.4656,6.1312,2.884,8.2868,463.16,0.235744882977805,0.173860436998014,0.114941704810433,2023
"27","AT41",7.1912,11.8396,7.9776,5.4976,0.2244,0.042,0.3632,3.9212,0.016,4.1424,207.8656,0.198278118168663,0.106724729825426,0.0418982265463838,2023
"28","AT42",0.5132,2.2164,1.3228,0.3064,0,0.074,0,0,0,0,51.7304,0.0856904257457897,0.0329245472681441,0.00143049348158916,2023
"29","AT43",0.2684,0.548,0.1032,0.148,0.1028,0.1016,0.3524,0.2956,0,0.0988,265.86,0.00759347024749868,0.00452268111035884,0.0035778229143158,2023
"30","AT44",1.9588,2.3572,1.1328,0.3816,0.5212,0.2256,0.1484,0.1104,0.026,0.338,63.2552,0.113824634180273,0.0455930895799871,0.021651974857403,2023
"31","AT45",18.238,11.2428,7.1632,3.4808,0.45,0.1408,0,0.4612,0,1.7344,430.4944,0.0996788808402618,0.0311976183662319,0.00647255806347307,2023
"32","AT46",0.1056,1.0572,0.002,0.0528,0,0,0.0832,0.0156,0.026,0.0392,552.0688,0.00250258663412966,0.000396327414264309,0.000297064423854418,2023
"33","AT47",7.5552,7.8904,1.8768,0.6024,0,0.1196,0.0512,0.0112,0,0,886.1536,0.020433026509174,0.00300309111196975,0.000205382001495,2023
"34","AT48",0.248,1.4244,1.0368,0.0064,0.0164,4.13,0.0844,0,0,0,11.6912,0.594156288490489,0.451108526070891,0.361879020117695,2023
"35","AT49",90.6136,46.3644,9.6316,4.842,0.0036,0.4456,1.6528,0.0832,0.584,0,5524.0148,0.027918245258865,0.00312142538068508,0.000501302060233438,2023
"36","AT50",28.5316,21.61,17.742,13.4248,1.1796,0.9148,2.7808,1.4736,0.27,1.9952,515.4424,0.174456738522093,0.0771779737173349,0.0167118576197845,2023
"37","AT51",70.6936,70.842,106.3812,47.6576,0.9016,3.9208,3.8544,0.81,0.1988,1.7996,1693.7084,0.181294253485429,0.0977287471680485,0.00678109643903283,2023
"38","AT52",1.5112,3.5868,1.7244,0.3172,0.062,0.0468,0,0.0008,0,0,30.2416,0.239709539177821,0.0711338024443151,0.00362414687053595,2023
"39","AT53",1.4004,2.5088,0,0,0,0.8584,0,1.2036,0.0488,0.64,16.5496,0.402426644752743,0.166215497655532,0.166215497655532,2023
"40","AT54",12.5504,5.4796,4.2208,11.1712,0.75,4.946,1.1768,1.182,0.6936,3.0484,184.8992,0.244559197660131,0.147046607016147,0.0638012495456984,2023
"41","AT55",0.772,0.1428,0.004,0.0008,0.0168,0.0008,0.4084,0,0,0.1832,741.5976,0.00206149534464513,0.000827942269500333,0.000821469756644304,2023
"42","AT56",11.7912,13.8408,18.4004,6.0816,1.5712,3.3528,2.7216,5.2988,1.5276,7.8312,465.9492,0.155418659373168,0.100408370697922,0.0478661622339946,2023
"43","AT57",6.2756,7.6288,5.0584,4.3932,2.7316,6.0712,4.2464,1.0356,0.2048,1.2804,105.5096,0.368933253466983,0.237149984456391,0.147569510262573,2023
"44","AT58",1.348,0.7556,0.1324,0,0,0,0.436,0.03,0.0816,0.0536,2221.2952,0.00127727282713257,0.000330257770331471,0.000270652905566086,2023
"45","AZa1",0.2,0,0.2408,0,0.1072,0,0,0,0,0.182,18.1868,0.0401390019134757,0.0291420150878659,0.0159016429498317,2023
"46","AZa2",3.6524,1.3924,5.216,3.2568,4.6748,4.1892,3.3444,5.0352,1.6832,12.8316,116.1724,0.389731123743678,0.346306007278837,0.27337302147498,2023
"47","AZa3",39.1424,38.62,20.6092,28.6168,3.994,11.9088,16.1468,3.3568,2.6564,0.8588,530.9836,0.312457861222079,0.166008140364411,0.073300945641259,2023
"48","AZa4",19.7736,24.5708,20.0452,19.4456,14.2104,15.5264,38.9632,22.4088,9.012,10.862,1248.4128,0.15605254928498,0.120531926619144,0.0888991205473061,2023
"49","AZa5",49.5832,39.8016,10.4988,7.8748,3.706,5.8896,7.1092,0.3088,1.1196,0.3932,2106.648,0.0599458476214346,0.0175159779896784,0.00879425513896958,2023
"50","AZa6",6.5356,11.0512,7.0628,2.6788,0.3896,2.0172,2.6628,0.1232,0.7396,0.76,286.0296,0.118941536120737,0.0574555920086592,0.023397578432442,2023
"51","AZa7",13.2232,9.4096,3.098,7.7692,0.772,4.35,1.3468,1.2236,0.3724,1.2392,859.3644,0.0498089052792971,0.0234722313374862,0.0108266062685399,2023
"52","AZd3",0.0376,0.138,0.0596,0.0924,0.01,0.0944,0.0404,0.0068,0,0.036,215.2172,0.00239386071373478,0.00157794079655344,0.00087167754250125,2023
"53","AZd4",0.0088,0.0224,0.0036,0.0212,0,0.0008,0,0.0004,0,0.0036,26.27,0.0023144271031595,0.00112676056338028,0.000182717929196802,2023
"54","AZi1",21.0888,26.64,13.4164,18.3956,12.9416,13.5132,6.3792,3.5636,0.858,0.8556,1200.1276,0.0980329091673252,0.0582631380196572,0.0317559566166131,2023
"55","AZi3",50.7472,33.4476,1.6068,2.3736,0,0.3112,0.4376,0,0,0,1914.6164,0.0464448126528113,0.0024700509198605,0.000391096618622926,2023
"56","AZi5",28.3776,40.4072,24.25,26.0072,5.3992,14.1852,3.4704,2.0856,0,7.0088,4815.0392,0.0313997859041314,0.0171143778019502,0.00667683037762185,2023
"57","AZi6",147.54,94.274,21.382,6.806,0.934,2.3244,4.0016,0.6124,0.1452,0.1052,4534.9768,0.0613288253205617,0.00800683258181167,0.0017911447749854,2023
"58","AZi7",7.796,8.5964,7.298,2.5868,2.366,0.6416,0.7992,0,0,0.1344,1983.6596,0.0152336620658101,0.00696994585159672,0.00198683282151837,2023
"59","AZi8",5.2824,4.3584,2.3128,1.6956,0.192,0.332,0.6424,2.266,0.412,3.2552,143.7668,0.144322611340031,0.0772640136665767,0.0493827503985621,2023
"60","AZs3",0.0932,0.142,1.9536,0.1412,0,0,0,0,0,0,11.972,0.194620781824257,0.174974941530237,0,2023
"61","CB1",17.5416,30.6452,16.6264,11.9416,2.4648,2.7324,4.8708,1.0784,0.3396,1.0424,832.548,0.107240903827767,0.0493621989362776,0.0150482614816203,2023
"62","CB2",1.8484,6.9812,3.9704,1.5404,0.5584,0.282,0.3232,0.5212,2.0404,3.1992,401.0516,0.0530226035752008,0.0310064839536858,0.0172656087146891,2023
"63","CB3",41.6444,66.98,54.944,35.4324,23.1268,24.7356,29.8688,26.8532,11.382,26.8168,672.314,0.508369601109006,0.346801643279777,0.21237576489557,2023
"64","CB4",16.0604,13.6576,10.2444,6.3724,2.8004,4.926,5.92,6.496,1.44,7.1268,641.0904,0.117056814452377,0.0707014174600025,0.0447818279606121,2023
"65","CB5",100.1804,72.7428,25.5836,26.502,13.3864,5.9196,8.6688,3.6264,3.1828,13.1776,899.2332,0.303559076777859,0.111258347667769,0.0533361090315616,2023
"66","CB6",35.0984,74.1364,43.9148,34.9368,22.28,16.8604,27.8516,13.3036,9.7892,13.3976,411.5112,0.708531869849472,0.443083930643929,0.251469218820776,2023
"67","Dg1",0.0084,0,0,0,0,0,0,0,0,0,332.8976,0.0000252329845574134,0,0,2023
"68","Dg10",0.08,0.1736,0.164,0.0308,0,0,0.1188,0,0.0548,0,2084.2796,0.000298424453225949,0.000176751717955691,0.0000832901689389466,2023
"69","Dg2",0.0048,0,0,0,0,0,0,0,0,0,361.3932,0.0000132819322555045,0,0,2023
"70","Dg3",0,0.0048,0,0,0,0,0,0,0,0,156.4688,0.0000306770423240927,0,0,2023
"71","Dg5",0.0164,0.0084,0,0,0,0,0,0,0,0,591.9344,0.0000418965344808479,0,0,2023
"72","Dg7",0.0968,0.1736,0,0.056,0,0,0,0,0,0,244.0452,0.00133745715957536,0.000229465689142831,0,2023
"73","Dg8",0.0008,0,0,0,0,0,0,0,0,0,342.9244,0.00000233287570088334,0,0,2023
"74","Dg9",0.0652,0.1492,0.0404,0.106,0,0,0.0636,0,0,0,1198.2608,0.000354179991534397,0.000175254001466125,0.0000530769261583121,2023
"75","Dn1",0.0096,0.022,0,0,0,0,0,0,0,0,1.3532,0.023352054389595,0,0,2023
"76","Dn3",0.0352,0.8484,0,0,0,0,0,0,0,0,122.5984,0.00720727187304239,0,0,2023
"77","Dn4",0.0536,0.0744,0,0.0188,0,0,0,0,0,0,194.7612,0.000753743558778648,0.0000965284666555762,0,2023
"78","Dn5",0.0776,0,0,0,0,0,0,0,0,0,384.4044,0.000201870738212154,0,0,2023
"79","FFa1",1.2748,2.3756,0.1324,0.1148,0.5816,0.0844,0.2288,0.1748,0.0308,0.0984,52.9628,0.0962260303458276,0.0273021819088115,0.0226347549600852,2023
"80","FFa2",3.5424,3.0124,1.756,2.7388,2.8776,1.5496,3.2592,5.2644,1.1288,12.1152,168.948,0.220448895518148,0.181651158936477,0.155046523190567,2023
"81","FFa3",2.5924,1.3276,2.3108,0.7352,3.0696,1.7168,2.7512,3.1728,0.8424,6.5612,136.9996,0.183066227930592,0.154453005702206,0.132219364144129,2023
"82","FFa4",0.0028,0.7704,0.0004,0.1148,0.0144,0,0.0168,0.2312,0.0188,0.5304,5.122,0.331901600937134,0.180944943381492,0.158453729012105,2023
"83","FFb1",1.0184,0.3924,0.5608,0.2788,0.5176,0.1512,0.0704,0.0772,0.0312,0.184,258.2252,0.0127098362204773,0.00724638803648908,0.0039949625365766,2023
"84","FFb2",3.4808,2.386,3.3052,1.8276,0.4452,0.2952,1.284,0.752,1.0104,2.1956,128.2068,0.132457872749339,0.0866974294655198,0.0466621115260657,2023
"85","FFb3",0.1168,0.0524,0,0,0,0,0.0568,0.0244,0,0.1968,97.7068,0.00457695881965227,0.00284524720899671,0.00284524720899671,2023
"86","FFb4",2.4344,1.1784,0.3944,0.2044,0.2948,0.1732,0.492,1.3252,0.3096,3.0588,54.0568,0.182496929155999,0.115663524292966,0.10458628701662,2023
"87","FFb5",0.542,0.4288,0.2468,0.0076,0.0412,0.0228,0.056,0.1884,0.0052,0.1904,95.8256,0.0180452822627774,0.0079143777863118,0.00525955485799202,2023
"88","FFb6",0.5552,0.3972,0.4892,0.4208,0.6008,0.1828,0.3264,1.2136,0.968,2.6532,29.268,0.266748667486675,0.234208008746754,0.203116031160312,2023
"89","FFc1",10.298,4.65,9.5236,4.6268,12.2456,8.3376,14.9784,11.2296,4.0656,26.7784,388.6148,0.274651402880179,0.236186578586302,0.199774172265184,2023
"90","FFd1",0.4252,0.066,0,0,0,0,0.6672,0,0,1.4756,1106.6752,0.00238010212933298,0.00193625013011948,0.00193625013011948,2023
"91","FFd10",0.086,0.506,0.1808,0.2108,0.3644,1.0708,0.6048,1.5816,0.774,2.3,29.776,0.257898979043525,0.238017195056421,0.224865663621709,2023
"92","FFd11",2.774,0.1204,10.4636,1.0652,2.2668,3.7884,4.374,2.4572,1.7904,9.6928,60.0188,0.646344145501076,0.598119255966464,0.406032776396729,2023
"93","FFd2",20.2428,27.6536,6.3448,7.6816,2.9332,1.7996,6.3872,0.4472,0.1548,0.676,756.9556,0.0981838300687649,0.0349087846103523,0.0163787677903433,2023
"94","FFd3",6.8616,3.84,6.5696,3.9128,8.1028,6.2352,7.4132,9.0236,2.4492,7.926,638.2968,0.0976567640633636,0.0808908958967051,0.0644684416403153,2023
"95","FFd4",5.512,4.4508,5.0984,4.934,12.5468,5.5776,17.5988,23.2236,9.8524,46.7828,330.844,0.409791926104146,0.379678640084148,0.349354983013142,2023
"96","FFd5",1.9104,2.5336,1.9212,1.6308,8.5236,4.7476,5.2788,2.9016,1.5932,5.7008,88.866,0.413449463236783,0.363441586208449,0.323471293858169,2023
"97","FFd6",1.1584,1.0024,0.1404,0.7968,1.302,1.4084,1.2128,1.4796,0.504,3.278,51.4168,0.238886900779512,0.196861726128425,0.178634220721632,2023
"98","FFd7",0.5688,2.8852,3.2644,1.1204,1.7504,1.3316,1.8004,2.4056,1.4584,3.5364,119.5484,0.168313419502059,0.139421355701958,0.102743324042814,2023
"99","FFd8",1.2688,0.2592,0.006,0.028,0.9488,0.346,0.308,0.004,0.066,0.5388,43.4192,0.0869108597118325,0.0517190551645355,0.0509359914507867,2023
"100","FFd9",1.3816,2.398,4.2676,2.1584,1.5688,1.868,6.0916,3.6656,0.48,6.0576,264.1432,0.113337008107723,0.0990281029381033,0.0747003897885692,2023
"101","FFf1",3.626,5.424,6.4328,2.0232,5.544,2.72,7.172,9.1668,4.0372,25.4008,233.5072,0.306400830466898,0.26764399555988,0.231430979430185,2023
"102","FFf2",0.202,0.266,0.0752,0.3168,0.5988,0.148,1.2628,0.046,0.3072,0.4136,19.376,0.187675474814203,0.163521882741536,0.143290668868704,2023
"103","FFg1",0.084,0,0,0,0,0,0.0208,0,0,0,64.0224,0.00163692707552357,0.00032488628979857,0.00032488628979857,2023
"104","FFg2",10.628,7.1884,2.86,4.6856,3.6052,4.028,7.1244,7.0896,5.9652,21.76,279.5672,0.268037166019476,0.204308659957248,0.177318369250756,2023
"105","FFg3",0.0608,0.0212,0.1988,0,0.0596,1.658,1.0188,0.0368,0,0.154,31.2132,0.1027770302308,0.100149936565299,0.093780836312842,2023
"106","FFg4",0.46,0.5,0.0236,0,0.0036,0,0.004,0,0.0292,1.5924,14.1344,0.184853973285035,0.116934570975775,0.115264885669006,2023
"107","FFg5",2.7024,3.0588,4.486,2.0052,5.0076,4.6896,6.3116,16.9512,5.0624,19.9504,177.678,0.395238577651707,0.36281362914936,0.326280124719999,2023
"108","FFh1",0.3932,0.4412,0.4804,0.0972,0.3216,0.3916,0.1256,0.3752,0.0092,0.3804,198.7996,0.0151690446057236,0.0109718530620786,0.00806641462055256,2023
"109","FFh10",8.7188,4.2592,3.2224,4.0644,0.0056,1.1428,1.1752,0.732,0.4048,3.1116,277.9484,0.0965531731789066,0.0498610533465924,0.0236446764939104,2023
"110","FFh11",0,0.0016,0.002,0,0,0.04,0,0.708,0.0884,0.0096,5.3668,0.158306625922337,0.158008496683312,0.157635835134531,2023
"111","FFh3",0.328,0.5464,0.138,0.706,0.002,0.0224,0.0652,0.564,0,0.5488,63.6852,0.0458630890693599,0.0321330544616332,0.0188803678091613,2023
"112","FFh4",2.7712,1.9928,0.7852,4.734,1.428,0.744,2.1208,2.1984,0.928,7.3352,203.6124,0.12296697057743,0.0995695743481242,0.0724631702194955,2023
"113","FFh5",0.1616,0.2908,0.0652,0.1252,0.0004,0.4876,0.8716,0.6992,0.074,1.7516,35.8028,0.126448210754466,0.113812327527456,0.108494307707777,2023
"114","FFh6",1.0732,2.1036,1.6036,0.8812,1.8236,1.4912,1.314,4.0176,1.2424,6.6504,67.108,0.330821958633844,0.283483340287298,0.246456458246409,2023
"115","FFh7",1.8916,2.066,1.2184,3.808,0.1192,0.4588,1.692,1.7724,0.4064,5.4004,148.176,0.12710020516143,0.100391426411835,0.0664696037145017,2023
"116","FFh8",0.038,0.0728,0.2024,0,0.0528,0.0144,0.226,0.9788,0,1.5428,144.4432,0.0216555711864595,0.0208884876546629,0.0194872448131861,2023
"117","FFh9",10.6208,7.21,14.7944,2.7772,7.9124,4.32,9.728,12.544,3.2664,45.0696,243.7668,0.485065234478198,0.411918275991644,0.339834628833787,2023
"118","FFl1",3.4528,10.1564,12.4656,3.6196,7.0584,2.6,20.918,11.462,4.874,23.6784,257.4524,0.389529093533407,0.336668059804453,0.274189714292817,2023
"119","FFl2",4.9864,20.6108,24.6216,5.334,16.6696,13.7148,36.9852,10.9508,1.572,16.216,661.6104,0.229230374855051,0.190541140223914,0.145264342882155,2023
"120","FFl3",3.6032,8.6184,6.0984,4.4592,3.8408,5.3192,2.2788,0.9364,0.0256,0.9104,622.3644,0.0579891780442455,0.0383518080404342,0.0213881128162215,2023
"121","FFq2",0.1892,1.1016,0.2512,0.064,0.0252,0,0,0.026,0,0.4032,1617.4104,0.00127388818570723,0.000475822339215823,0.000280942919620153,2023
"122","FFq3",0.0124,0,0.0052,0.1552,0,0.0032,0.0104,0.0696,0,0.1824,1249.804,0.000350775001520238,0.000340853445820305,0.000212513322088904,2023
"123","FFq4",0.0036,0.0008,0,0.0656,0,0.008,0.0232,0.0588,0,0.1116,91.3208,0.00297413075662938,0.00292594896233936,0.00220760221110634,2023
"124","FFq5",0.6408,0.3648,0,0.396,0,0,0.034,0,0,0,388.316,0.00369698905015503,0.00110734556392217,0.0000875575562171015,2023
"125","FFq6",16.932,11.5692,2.4384,2.256,0.0996,1.1436,3.1816,1.1388,0.9928,23.014,668.574,0.0938804081522763,0.0512505721131842,0.044229060657459,2023
"126","FFs1",12.2516,16.2996,2.7912,10.7116,4.0592,1.9988,1.4804,2.1256,0.1944,0.8588,800.52,0.0659211512516864,0.0302553340328786,0.0133877979313446,2023
"127","FFs10",14.8364,9.8476,10.094,6.5368,1.664,3.5136,5.9652,7.6044,18.3972,11.6744,1008.654,0.0893602761700246,0.0648880587396669,0.0483999468598746,2023
"128","FFs11",7.5372,5.6904,0.51,3.8752,1.2924,1.2228,6.3132,2.9892,0.9344,6.21,763.5196,0.0479028960094803,0.0305783898671363,0.0248349878640967,2023
"129","FFs12",33.998,34.064,22.7388,10.15,8.0252,7.3692,16.9992,13.9472,5.4756,26.2572,1049.864,0.170521515167679,0.105692165842433,0.074365441619105,2023
"130","FFs13",5.984,10.2968,10.558,0.0372,0.2268,0.0864,0.3288,0.6816,0.006,0.974,520.876,0.056020242821708,0.0247636673603698,0.00442254970472819,2023
"131","FFs14",1.4336,7.7448,24.326,4.702,1.8528,0.64,3.082,1.2544,0.2348,3.048,333.1052,0.145054475282884,0.11750041728559,0.030356776177616,2023
"132","FFs15",1.6744,1.7996,2.9132,0.9528,1.2068,0.5036,1.5368,1.4136,0.0632,8.2564,906.3568,0.0224198682020149,0.01858694059558,0.0143215122344754,2023
"133","FFs16",23.7924,20.6476,7.0584,1.9528,7.8836,11.3192,11.17,12.6668,4.8904,60.85,1173.312,0.138267741231659,0.100392052582774,0.0927119129438717,2023
"134","FFs17",0.8556,0.6752,1.344,0.062,0.6236,0.0348,0.418,2.5096,1.4056,1.3416,100.296,0.0924264178033022,0.0771635957565606,0.0631450905320252,2023
"135","FFs18",22.2372,24.1756,9.9224,4.436,7.4992,6.7996,4.6452,4.642,3.6436,10.2844,732.3164,0.134211387318378,0.0708333174021502,0.0512264917186069,2023
"136","FFs19",36.8796,59.942,35.2628,9.1672,10.4068,8.4316,37.1712,34.87,12.5116,50.4768,1047.7296,0.281675348295973,0.189264481980847,0.146858502422762,2023
"137","FFs2",13.7048,13.9852,3.3876,4.2412,2.9188,2.67,5.0568,0.27,0.0332,0.9028,937.778,0.0503001776539863,0.0207729334661295,0.012637959090531,2023
"138","FFs20",48.0804,57.022,35.4016,11.4756,13.5936,16.1164,32.8508,19.7992,7.3492,48.3864,1567.7116,0.185030971257724,0.11798904849591,0.0880873752544792,2023
"139","FFs21",0.3648,0,0,0,0,0,0,0,0,0,318.0388,0.00114702985924988,0,0,2023
"140","FFs22",0.3948,0,0.188,0.0196,0,0,0,0,0,0,385.3768,0.00156314547217165,0.000538693559134852,0,2023
"141","FFs23",0.946,0.3168,0.0132,0,0.0008,0,0.2744,0.1476,0.0068,0,846.108,0.00201581831161034,0.000523337446283453,0.000507736601001291,2023
"142","FFs24",2.0848,1.2644,0.1492,0.7288,0.1508,0.474,1.0004,1.2368,0,0.906,1082.2572,0.00738752303980976,0.00429287973320944,0.00348161231914188,2023
"143","FFs25",0.0132,0,0,0,0,0,0,0,0.006,0.0124,330.9052,0.0000954956283551905,0.0000556050494220097,0.0000556050494220097,2023
"144","FFs26",0.0376,0.0532,0.0024,0.112,0.0188,0.056,0.6536,0.1988,0,2.338,287.084,0.012088447980382,0.0117721642446113,0.0113736746039487,2023
"145","FFs27",4.558,4.5424,2.5052,0.2368,0.7412,0.8808,1.7972,2.1452,0.3148,13.4968,2155.9756,0.0144799412386671,0.0102589287188593,0.0089871146964743,2023
"146","FFs28",15.3824,13.5204,13.252,2.2076,3.792,1.8032,5.4848,6.0608,1.2468,12.4752,3696.5036,0.0203503656806935,0.012531409410774,0.00834918705340906,2023
"147","FFs29",0.8528,2.1188,5.2268,3.512,3.756,3.8036,1.9936,1.3384,0.3152,2.0876,131.6812,0.189888913527519,0.167322290501605,0.100958982755321,2023
"148","FFs3",1.3644,1.1852,2.8628,0.1516,0.1576,0.0616,0.8808,0.2328,0.0972,5.5072,469.3428,0.0266355422944594,0.0212032655023152,0.0147806677763034,2023
"149","FFs30",0.0012,0,0,0,0,0,0,0,0,0,37.4804,0.000032016734079679,0,0,2023
"150","FFs31",0.0896,0,0,0,0,0,0,0,0,0,50.79,0.00176412679661351,0,0,2023
"151","FFs32",2.5292,1.624,1.1624,1.6044,0.3192,0.174,0.2276,0.0068,0.046,0.0056,354.3128,0.0217299516133767,0.010008105831909,0.00219918670733883,2023
"152","FFs4",9.524,6.9852,4.4836,3.6384,3.096,2.3248,3.2632,1.3144,0.5084,1.6204,2232.7588,0.0164632202994788,0.00906913904000737,0.00543148682249063,2023
"153","FFs5",1.8216,2.6624,1.5344,3.9428,1.694,0.5988,1.4168,1.074,0.2204,1.9932,1051.0576,0.0161346057532908,0.0118684266209578,0.00665729451934889,2023
"154","FFs6",1.1864,0.3428,1.9536,1.2556,0.6432,1.412,3.0476,1.2232,0.9576,1.144,370.706,0.0355160153868564,0.0313909135541372,0.0227339185230344,2023
"155","FFs7",0.9084,1.5656,0.1592,0.6072,0.158,0.3072,0.1448,0.2204,0.0036,0.6856,371.0828,0.0128273258690513,0.00616035019677549,0.00409504293920386,2023
"156","FFs8",3.6876,0.39,0.4976,1.0056,0.6996,0.1656,0.2984,0.314,0.106,1.6012,315.7336,0.0277626454707386,0.0148479604324658,0.0100869847238305,2023
"157","FFs9",0.2728,0.2264,0.1924,0,0,0.25,0.176,0.0192,0,0.0004,203.276,0.00559436431256026,0.00313858989747929,0.0021920935083335,2023
"158","FFt1",0.388,0.646,0.0424,0.166,0.0396,0.4672,0.3476,1.6636,0.022,0.2392,395.7416,0.0101621866389583,0.00754937059940123,0.00702276434926225,2023
"159","FFt2",8.0388,4.9116,0.576,2.348,0,0.4256,0.9064,0.088,0.4156,1.4656,181.5708,0.10560949227519,0.0342852485091215,0.0181813375278404,2023
"160","FOa1",0.2336,0.3124,0.2604,0.2072,0.0092,0.1264,0.17,0.0056,0.036,0.0172,133.4168,0.0103285343375047,0.00623609620377644,0.00273129021232708,2023
"161","FOa2",0.2864,0.2704,0.1816,0.1316,0.0644,0.006,0.0044,0.0076,0.012,0.0016,72.8692,0.0132566296871655,0.00561554127120924,0.00131742903723384,2023
"162","FOa3",0.014,0.0308,0.016,0.0104,0,0,0.012,0,0,0,20.558,0.0040470862924409,0.00186788598112657,0.000583714369102053,2023
"163","FOz1",1.4892,2.4524,1.4864,0.4444,0.3364,0.5764,0.7856,0.7028,0.2468,3.3172,632.212,0.0187240988782244,0.0124894813765003,0.00943544254142598,2023
"164","FOz2",1.0548,2.0528,0.926,0.304,0.2368,0.1656,0.2044,0.112,0.0412,0.3356,182.4208,0.0297838842938963,0.0127485462184137,0.00600589406471192,2023
"165","FOz3",1.1352,1.6908,0.7844,0.3888,0.4188,0.4156,0.9036,0.8044,0.3156,1.9724,884.3512,0.00998426869325218,0.00678870566354181,0.00546208338949503,2023
"166","FOz4",0.5804,0.7324,0.3772,0.266,0.0592,0.0248,0.0988,0.0896,0.094,0.0984,288.9104,0.00837906838936916,0.00383509904800935,0.00160880328295555,2023
"167","FOz5",3.4588,1.828,1.34,0.9988,0.3892,0.408,0.8756,0.2672,0.1488,0.3808,946.1864,0.0106693564819786,0.00508187393097174,0.00261005653854251,2023
"168","FOz6",0.0492,0.0624,0.07,0.022,0.0184,0.0104,0.0524,0.2236,0.012,0.094,150.9288,0.00407079364574554,0.00333137214368629,0.00272181319933638,2023
"169","FOz7",0.9,1.176,0.6136,0.7188,0.364,0.2328,0.1904,0.1756,0.1404,0.1412,514.9484,0.00903546840809681,0.00500399651693257,0.00241655280412562,2023
"170","FOz8",0.0668,0.1744,0.0724,0.0496,0,0.0424,0.0068,0.01,0.0024,0,244.2452,0.00173923581712148,0.000751703615874539,0.00025220557046771,2023
"171","FRa1",0.8144,1.2356,0.5048,1.0128,2.118,0.3968,2.1488,2.0408,1.1516,9.4952,174.4068,0.119942571046542,0.108188442193768,0.0994869466098799,2023
"172","FRa2",0.0428,0.0588,2.1456,0.0992,0.5992,0.0916,0.8532,0.6076,0.1564,1.0264,36.5332,0.155496917871963,0.152715885824401,0.0912704060963726,2023
"173","FRc1",0.036,0.0212,0.0612,0.0192,0.1496,0.1808,0.4704,0.1928,0.0148,0.2476,12.802,0.108857990938916,0.10438993907202,0.0981096703640056,2023
"174","FRc2",0.53,0.3652,0.1752,0.0588,0.0588,0.3088,0.3068,0.2192,0.07,0.12,28.494,0.077658454411455,0.0462413139608339,0.0380290587492104,2023
"175","FRd1",1.8588,0.102,0.2596,0.582,0,0.2824,0,0,0,0,197.2376,0.0156400199556271,0.00569871059067845,0.00143177568577188,2023
"176","FRd2",0.216,0.8896,0.1324,0.0412,0,0.0016,0.2784,0,0,0,565.3256,0.00275805659605721,0.000802369466374776,0.000495289794058504,2023
"177","FRg1",1.0164,1.0564,0.1364,0.9904,0,0,0.1216,0,0,0,252.788,0.013138281880469,0.00493852556292229,0.000481035492191085,2023
"178","FRg2",2.9884,6.1992,3.9272,1.0264,3.8296,1.5764,5.1316,4.2724,1.5316,7.5296,153.8836,0.247020475216332,0.187315607381163,0.15512504256464,2023
"179","FRg3",0.0032,0.104,0.0232,0,0,0.0272,0.2192,0,0,0.0028,18.8332,0.0201558949089905,0.0144638192128794,0.0132319520846165,2023
"180","FRl1",1.3664,0.81,0.4,0.7136,1.3768,0.5256,2.346,2.6064,0.1928,0.8024,432.6812,0.0257464387174668,0.0207164073687509,0.0181426879651808,2023
"181","FRs1",6.6652,9.3228,1.534,2.0364,0.0012,0.0168,0.02,0.0072,0.0288,1.1272,196.0464,0.105891258395972,0.0243391360412637,0.00612712092647455,2023
"182","FRs10",0,0.0112,0.0256,0,0,0,0,0,0,0,2.5132,0.0146426866146745,0.0101862167754258,0,2023
"183","FRs11",1.1948,2.4136,1.466,1.248,1.1708,0.828,1.7784,3.9832,1.32,5.316,153.0492,0.13537346160581,0.11179672941773,0.0940638696576003,2023
"184","FRs12",0.9724,3.1888,1.652,0.4208,1.5496,2.1104,2.3276,1.3816,0.9348,4.152,195.7052,0.0955007838320086,0.0742381909116365,0.0636467503162921,2023
"185","FRs13",10.38,6.336,5.8232,3.4996,4.1672,4.3724,5.2536,3.568,1.6776,3.9188,397.7656,0.12317907833156,0.0811543280766361,0.0577164038318045,2023
"186","FRs14",7.64,5.1956,6.304,5.0748,3.4264,2.7184,7.7532,7.0012,3.6092,13.6592,326.5452,0.19103634045149,0.151729071503731,0.116883053249596,2023
"187","FRs15",0.3932,0.0748,0.0928,0,0.066,0.12,0.0288,0,0,0.0604,264.244,0.00316374260153494,0.00139265224565175,0.00104146167935696,2023
"188","FRs16",5.5372,2.1292,0.07,0.1344,0.146,0.2344,0.3748,0.2048,0.0236,1.0236,1104.1168,0.00894651725252256,0.00200304895279195,0.00181792361098029,2023
"189","FRs17",0.8636,1.1388,1.076,0.654,0.1984,0.292,0.6312,0.5608,0.662,2.9644,64.1688,0.140897133809577,0.109691937514805,0.082731794890975,2023
"190","FRs18",0,0.002,0,0,0,0,0,0,0,0,118.6764,0.0000168525502964364,0,0,2023
"191","FRs19",0.8988,2.8556,1.758,0.4728,0.374,0.5548,2.0088,1.1988,0.0308,3.7996,155.8908,0.0894985464183903,0.0654150212841297,0.0511050042722213,2023
"192","FRs2",0.6548,0.3308,0.202,0.0588,0.2004,0.112,0,0,0.1528,0,104.3384,0.0164043151898055,0.00695812855094577,0.00445856942410464,2023
"193","FRs20",0.652,0.036,0.2368,0.0148,0,0,0,0.1052,0,0,11.4372,0.0913510299723709,0.0311964466827545,0.00919805546812157,2023
"194","FRs3",0.2824,4.5348,0.056,0.2628,0,0.4428,0.4684,0.3916,0,0,3148.2664,0.00204518906023963,0.000515077123079546,0.000413815044368545,2023
"195","FRs4",0.3844,0.7736,0.7616,1.0344,0.3064,0.6868,0.3876,0.2252,0.3632,2.1948,211.3784,0.0336742070145294,0.028195879995307,0.0196992691779292,2023
"196","FRs5",0.0088,0.3124,0,0.0724,0.3424,0,0.1836,0.0696,0,0,1199.1376,0.000824926180281562,0.000557067012159405,0.000496690288087039,2023
"197","FRs6",1.1416,0.3284,0.052,0.2392,0.2896,0.2088,0.0792,0.7756,0.0428,0.8844,1809.988,0.00223294298083744,0.00142078290021812,0.00125989785567639,2023
"198","FRs7",0.73,0.7456,0.7912,0.9916,0.5336,0.416,2.1084,1.3296,0.2352,4.3564,1293.4608,0.00946112939796861,0.00832031399791938,0.00694199623212393,2023
"199","FRs8",0.6808,0.7132,0.4904,1.0292,2.2192,1.188,1.5172,2.3856,0.5904,5.0072,616.4812,0.0256637185367534,0.0234024979188335,0.0209375403499734,2023
"200","FRs9",4.5364,8.1356,9.7996,3.094,9.5056,4.5636,7.8976,9.508,2.1344,19.4632,486.2376,0.16172751757577,0.135666184597818,0.109149107349987,2023
"201","FS1",21.9832,5.0632,0.088,0.7156,0.7312,0.3808,0.5804,0,0.008,0,235.792,0.12532401438556,0.0106195290764742,0.00721144059170795,2023
"202","FS10",7.492,30.7836,20.9204,6.1848,6.142,9.136,26.4712,12.1216,1.5116,22.2448,305.542,0.468046946082699,0.342775788598622,0.254063925745069,2023
"203","FS11",0.0004,0.37,0.57,0.1108,0.0052,0,1.142,0.6384,0.1932,1.0196,39.448,0.102656661934699,0.0932670857838167,0.0760089231393227,2023
"204","FS12",2.776,4.9852,8.2808,4.2888,3.902,4.7028,2.1676,1.1448,5.7352,8.026,91.0064,0.50556004852406,0.420278134285061,0.282160375534028,2023
"205","FS13",0,0.092,0.4904,0.3476,0.6184,0.0288,1.0212,0.4808,0.3136,2.9084,35.1444,0.179294567555571,0.176676796303252,0.152832314678868,2023
"206","FS14",0.3548,0.698,8.0508,4.8368,4.2268,0.094,11.9888,8.7044,0.32,14.5836,84.9324,0.634127847558764,0.62173210694623,0.469992605884209,2023
"207","FS2",0.0872,0.066,0.058,0.138,0.12,0.2388,0.0956,0.0424,0,0,78.3044,0.0108039905803505,0.00884752325539816,0.00634447106420584,2023
"208","FS3",10.016,8.8936,9.6444,6.2092,3.8124,2.93,2.0112,0.592,0,0.6544,580.8488,0.0770651501733325,0.0445100342808662,0.017216184315092,2023
"209","FS4",0.062,0,0.0016,0.0184,0.0064,0.0044,0,0.0112,0,0,49.5296,0.00209975449024422,0.000847977774906319,0.000444178834474738,2023
"210","FS5",4.5108,1.8992,4.7784,0.1392,1.2284,1.9628,3.3712,0,0.2708,0.7032,293.0008,0.0643820767724866,0.0425050033993081,0.0257214314773202,2023
"211","FS6",2.6684,11.8532,8.3752,2.1308,5.5316,4.81,2.2612,8.7564,1.2292,38.3768,183.1524,0.46951500499038,0.390228028679941,0.332865962990384,2023
"212","FS7",0.4244,0.9624,3.192,0.7636,0.5908,2.5036,2.5836,0.504,0.7632,5.2964,37.4948,0.468971697408707,0.43198523528596,0.326487939660966,2023
"213","FS9",0.1536,0.6676,0.0916,0,0.2264,0.716,1.2032,0.7388,0.8048,2.5448,12.3604,0.578201352707032,0.511763373353613,0.504352609947898,2023
"214","Gd1",135.092,99.3596,64.9972,26.664,37.0944,30.4812,59.6772,52.4328,14.1888,94.1944,4202.9276,0.146131853425217,0.0903489272572766,0.0685400338564005,2023
"215","Gd10",0,0.0004,0,0,0,0,0,0,0,0,2753.284,0.000000145281053461975,0,0,2023
"216","Gd2",3.452,1.3876,1.6624,0.306,0.3592,0.0084,0.6592,0.3656,0.1968,0.8564,153.586,0.0602502832289401,0.0287395986613363,0.0159233263448491,2023
"217","Gd3",6.2928,10.9968,1.9388,1.5392,2.4368,5.1624,2.5876,0.806,0,0,2409.262,0.0131826260489727,0.00600632060772137,0.00456272501703841,2023
"218","Gd4",21.594,31.2384,32.9816,8.8216,7.0152,15.5556,15.858,8.4052,2.7536,41.3308,5993.8588,0.0309573525489122,0.02214293069433,0.0151685922264302,2023
"219","Gd5",0.8056,2.8252,1.3988,0.0608,0.1308,2.45,1.9816,0.6636,0.2184,4.8736,1116.0928,0.0138056620381388,0.0105525275317608,0.00924475097411255,2023
"220","Gd6",0.0076,0,0.0328,0,0,0,0,0.0056,0,0.1196,21.5476,0.0076853106610481,0.00733260316694203,0.0058103918765895,2023
"221","Gd7",2.246,11.27,0.4936,0.1468,0.0288,0.0264,0.0164,0.008,0,0.274,1345.922,0.0107807138898094,0.000738527195483839,0.000262719533524231,2023
"222","Gd8",3.1328,9.35,0.74,1.0464,0.524,1.8408,0.808,0.3608,0.012,0.584,17291.3664,0.00106404546490901,0.000342136061612806,0.000238824388106194,2023
"223","Gh1",80.6164,33.7784,8.9008,34.4984,9.086,4.5276,3.7348,4.1268,0.7988,0.9856,8138.5332,0.0222464657390597,0.00819051767215252,0.00285795971195399,2023
"224","Gh10",62.1148,38.0052,19.2348,14.9804,3.7752,27.968,4.604,0.5872,0.6604,1.7784,5813.4168,0.0298806030904235,0.0126583732995026,0.00677281560131728,2023
"225","Gh11",0.8752,0.0128,7.5152,0.232,0.1796,0.4244,2.718,0.2744,0.0008,0,416.9716,0.0293362905291392,0.027206649085933,0.00862696644087991,2023
"226","Gh12",1.9684,0.7676,0,0.4,0,0,0.7576,0.0208,0,0,221.1288,0.0177019004308801,0.00532902091450774,0.00352012040041822,2023
"227","Gh13",62.6164,16.8216,4.1516,3.3084,1.5448,0.2832,3.0164,0.2592,0.6276,0.7544,2123.7648,0.0439707824519928,0.00656645217963873,0.00305382215582441,2023
"228","Gh14",33.5456,27.342,7.9288,10.1336,0.3552,1.9592,2.4304,0,0.006,0,3675.5048,0.0227725998344499,0.00620682089709147,0.00129255714752433,2023
"229","Gh15",16.6456,29.7804,2.3184,10.4456,2.1216,1.3952,3.19,2.1256,1.0256,4.4308,5468.9772,0.0134355652460939,0.0049465922074058,0.00261270059783756,2023
"230","Gh2",18.0368,16.0988,5.9248,8.006,3.7804,4.0708,6.6028,3.4616,0.6656,3.432,5660.4316,0.0123806106940679,0.00635004581629429,0.00388896140004589,2023
"231","Gh3",27.984,15.5296,7.4572,2.1688,2.1304,1.7896,1.0744,0.44,0.2408,0.9128,12357.1816,0.00483343224477659,0.00131211149312558,0.000533131276471651,2023
"232","Gh4",24.9904,14.3916,2.6676,3.6692,2.5972,2.9576,2.8924,2.1168,1.4288,1.1804,9249.242,0.00636722447093502,0.00210936204285713,0.00142424644095159,2023
"233","Gh5",6.4872,2.5612,0.6336,1.1356,0.2552,0.4432,0.7556,0.1768,0.03,0.436,2576.7764,0.00501184348009396,0.0015003242035281,0.000813729899109601,2023
"234","Gh6",25.212,23.4288,14.424,11.382,1.4124,3.0728,6.2492,5.9068,0.9692,7.084,10488.0812,0.00945274908817449,0.00481502755718558,0.00235452029109004,2023
"235","Gh7",4.5932,1.3204,1.7496,1.3796,0.9784,1.0736,0.074,0.034,0,0.1892,1286.1452,0.00885747581221778,0.00425955016587552,0.00182654337939449,2023
"236","Gh8",0.044,0.1576,0.0424,0,0.3956,0.5988,0,0,0,0,66.1308,0.0187265237982907,0.0156780199241503,0.0150368663315732,2023
"237","Gh9",1.0848,0.6248,0.4212,0.4304,0,0,0,0,0,0,5306.9972,0.000482608131016161,0.000160467391993348,0,2023
"238","Gm1",15.6748,12.7028,4.2608,4.9008,2.1916,1.1956,3.2316,4.7192,0.202,0.7996,2813.2064,0.017730231240765,0.00764295147345037,0.00438631164780515,2023
"239","Gm10",7.84,13.0476,3.5408,3.5424,2.5616,0.6696,0.8696,1.528,1.1164,0.7308,183.1432,0.193546907556491,0.0794962630335169,0.0408205164046495,2023
"240","Gm11",39.8108,31.0652,26.534,7.9272,10.762,8.9732,13.4712,12.3968,1.5924,38.7368,4209.3672,0.0454390389130224,0.0286013536666509,0.0204145649255784,2023
"241","Gm12",13.498,12.5184,14.4868,3.7684,9.1804,6.9832,14.264,19.2796,4.9216,30.7452,3707.4124,0.0349692955658238,0.0279518944264199,0.0230279210373251,2023
"242","Gm13",2.1524,1.5928,1.348,1.4448,1.3284,0.8788,0.7716,1.578,0.4856,3.8124,2126.2596,0.00723937942478896,0.00547797644276362,0.00416449618851809,2023
"243","Gm14",9.038,13.6676,9.8404,5.5984,5.0804,5.6508,9.808,8.594,1.626,30.0492,2950.1124,0.03354204402517,0.0258455237163167,0.020612231588193,2023
"244","Gm15",24.1256,26.3028,22.6692,6.8376,7.8252,7.058,11.4292,14.712,2.6356,30.8956,1967.0736,0.0785383932761845,0.0529021384863281,0.0379017846612348,2023
"245","Gm16",42.6636,37.6008,22.2492,13.2628,5.8588,15.4212,30.5256,7.4404,7.2048,55.3704,5328.8756,0.0445868167761319,0.0295246524426279,0.0228605824463232,2023
"246","Gm17",8.2464,8.1604,2.7812,12.5616,3.8512,0.7444,1.2536,0.1576,0.0896,5.8684,805.2008,0.0542900603178735,0.0339140249239693,0.0148593990467968,2023
"247","Gm19",12.6796,7.438,11.6684,3.4404,1.4696,3.5708,3.5152,0.9692,0.0912,8.182,847.0616,0.0625980448175198,0.0388481782198603,0.0210114589068847,2023
"248","Gm2",7.1356,1,0.372,0.4556,2.7092,0.4296,0.0224,0.6972,0.0012,0.1276,2818.7752,0.00459433586615917,0.00170811776689393,0.00141451507023334,2023
"249","Gm21",12.1556,12.6224,3.2696,2.9504,2.4004,3.0732,1.164,0.6728,0.4,3.1532,1192.6756,0.035098898644359,0.0143237607946369,0.00910859583276458,2023
"250","Gm22",9.2548,5.6388,2.7048,3.7524,1.354,0.9536,2.03,0.54,0.4768,6.9416,352.086,0.095564151940151,0.0532631232142147,0.0349232857881313,2023
"251","Gm23",16.5132,26.0956,6.854,11.6212,2.7888,1.0524,4.91,1.9832,4.0688,5.2836,759.7868,0.106833653861847,0.0507537114358923,0.0264374163910192,2023
"252","Gm24",0.142,0.0816,0.016,0,0,0,0,0,0,0,9.3328,0.0256728955940339,0.00171438367906738,0,2023
"253","Gm25",4.8984,4.4324,10.172,8.1936,0.1108,1.5704,2.4268,1.3316,1.2796,3.9708,103.7852,0.369863911232045,0.279958992226252,0.103001198629477,2023
"254","Gm26",2.5148,0.8396,0.5712,1.872,2.6552,2.0228,0.5184,1.8924,0.566,1.386,242.2212,0.0612597080684928,0.0474112092583143,0.0373245611862215,2023
"255","Gm27",2.6348,0.4584,0.6572,0,0.938,0.9484,1.3908,0,0.0736,0.0088,261.144,0.0272263578715192,0.0153815519406917,0.0128649327574059,2023
"256","Gm28",0.2816,0.0148,0.0268,0.0112,0.0016,0,0,0.1144,1.612,0,91.556,0.0225261042422124,0.0192887413167897,0.0188736947878894,2023
"257","Gm29",0.3128,1.5076,0.0244,0,1.036,0,0.1256,0.1796,0,0.0904,502.7088,0.00651749084161646,0.00289630895659674,0.00284777191089553,2023
"258","Gm3",35.2064,41.8232,16.6444,16.8176,8.2152,18.0668,28.3888,16.6568,0.7704,21.1184,6008.3952,0.0339038950034445,0.0210835665403634,0.015514358975588,2023
"259","Gm30",71.8988,50.9904,29.47,17.358,4.3108,9.7352,12.8932,6.3216,1.1868,43.4992,2611.3308,0.0948420629052436,0.0477820734163592,0.029849454538659,2023
"260","Gm31",7.2136,4.0628,3.4436,0.8128,0.7424,0.7592,0.5284,1.4456,0.1688,5.1992,536.1616,0.0454646509559804,0.0244329321607515,0.0164942808287651,2023
"261","Gm4",9.7244,16.47,10.286,5.08,4.4756,8.2068,21.2524,21.3476,1.108,24.1908,7447.7704,0.0163997536766171,0.0128826742564459,0.0108195064659888,2023
"262","Gm5",28.9648,24.5456,13.6104,9.7264,6.6712,6.522,14.3592,15.1908,0.6868,16.5036,2462.3852,0.0555480921506513,0.0338169673859313,0.0243396524637981,2023
"263","Gm6",3.7084,2.254,2.4532,0.5928,0.0796,0.5092,1.4496,0.1836,0.194,1.004,5464.9784,0.00227419014135536,0.00118317027565928,0.00062580302238706,2023
"264","Gm7",0.0232,0.0084,0,0,0,0,0,0,0.0048,0,27.6196,0.00131790467638923,0.000173789627655723,0.000173789627655723,2023
"265","Gm8",19.146,17.2308,8.4092,5.8868,6.7048,4.3208,9.7004,7.746,0.246,11.3156,5504.348,0.0164790452929212,0.00987030616523519,0.00727308665803834,2023
"266","Gm9",4.7472,2.248,1.2084,1.9328,0.4248,0.0404,0.0532,0.032,0.002,0.5508,435.8432,0.0257881733614291,0.00973836462287355,0.00253118552727219,2023
"267","Gs1",6.2168,2.3012,2.0708,0.9296,1.092,0.8904,2.712,0.2832,0.4988,2.9748,281.4492,0.0709527687412151,0.040687982058574,0.0300274436736718,2023
"268","Gs10",46.262,73.3064,55.572,25.3332,28.7676,25.2452,148.7236,59.0972,33.8488,234.5608,7576.2196,0.0964487354616806,0.0806666691657143,0.069987834037968,2023
"269","Gs11",15.6376,21.0168,8.3556,6.4612,4.8644,13.3048,20.4452,10.6668,6.4128,20.0952,1020.7256,0.124676406666003,0.08876626587988,0.0742503176171931,2023
"270","Gs12",28.5384,49.4408,41.1556,20.6936,16.2316,31.8696,101.7792,23.232,15.004,99.3868,4698.084,0.0909586972050734,0.0743606116876582,0.0611958406873951,2023
"271","Gs13",0.0416,0.2024,0.0712,0.5464,0,0.4116,0.4252,0.0492,0.074,0.3692,148.2664,0.0147761057124203,0.0131304192993153,0.00896494418155428,2023
"272","Gs14",10.0412,10.676,13.6044,3.6676,2.5876,4.286,16.9488,10.4844,8.2464,19.946,2135.8588,0.0470482412039597,0.0373485363358289,0.0292618594450157,2023
"273","Gs15",36.3892,24.4616,25.4012,12.1912,12.242,7.0836,21.3764,21.3932,2.6184,21.056,3708.014,0.0496796398287601,0.0332690221773704,0.0231308727529076,2023
"274","Gs16",42.4256,15.9588,11.9896,4.886,1.4036,2.518,1.8192,0,0,0.0416,2980.22,0.027193428673051,0.00760279442457268,0.00194025944393367,2023
"275","Gs17",59.0252,27.0364,16.238,9.5176,6.6304,0.6588,10.4744,1.0324,0,8.3688,4170.7988,0.0333226335444424,0.012688312847889,0.00651309288762622,2023
"276","Gs18",37.3708,5.2784,0.35,1.218,0,0.6056,0.4132,0,0,0.1156,1407.3916,0.0322238671880662,0.001920147882082,0.000806030105622344,2023
"277","Gs19",48.816,56.0732,51.1852,42.3196,22.2572,27.7188,26.412,25.0628,15.1652,30.0436,1334.6488,0.25853512924149,0.17994576550775,0.109886286190045,2023
"278","Gs2",11.2952,9.3244,7.8848,3.0464,1.844,1.3436,3.5628,0.136,1.4256,0.322,1242.8228,0.0323334911461232,0.015742549943564,0.00694708851495161,2023
"279","Gs20",95.9192,111.1424,68.8208,63.9628,51.4492,54.81,47.5708,42.7424,23.688,61.1556,2257.522,0.275196077823383,0.183475332687788,0.124657035457462,2023
"280","Gs3",2.9476,6.8612,25.1668,1.472,6.1384,6.792,10.4948,11.8784,1.7172,50.6456,1563.8912,0.0793622983491435,0.0730902507795939,0.0560565850105174,2023
"281","Gs4",29.6412,22.2512,20.8728,18.3604,15.3268,12.9284,42.0184,20.5064,4.9448,38.9312,4242.93,0.0532136047495481,0.0409832827786459,0.0317365594058822,2023
"282","Gs6",40.4528,16.918,17.9812,9.3544,10.0148,7.468,8.0888,8.3156,2.2032,19.628,3303.6124,0.0425064393147332,0.0251403584754676,0.0168659010966299,2023
"283","Gs7",7.6944,3.416,5.9804,3.1228,2.866,1.6408,0.806,0.6924,0.3212,0.4984,2366.6848,0.0114245885214626,0.00673008927931594,0.00288369621505999,2023
"284","Gs8",5.7052,5.5536,5.3136,1.9864,2.9396,2.6896,7.6252,4.6528,1.2724,23.032,1664.26,0.0365149676132335,0.0297499188828669,0.0253635850167642,2023
"285","Gs9",25.1696,31.414,26.9888,9.3396,12.0536,13.266,36.1764,25.1792,9.8432,37.0972,2020.0288,0.112140777398817,0.0841294935992992,0.0661453935706263,2023
"286","NKb1",8.5124,13.6024,7.5016,10.0276,1.414,1.8764,1.7052,1.1656,0.0204,0,4637.4332,0.009881673336017,0.00511291461837121,0.00133297876937613,2023
"287","NKb2",1.3968,0.0992,0,0,0,0,0,0,0,0,601.392,0.00248756218905473,0,0,2023
"288","NKb3",193.3232,161.9812,73.6568,71.286,37.212,31.9304,41.7164,5.5768,0.6364,3.6188,40919.9956,0.0151744395593239,0.00649153539987184,0.00294943335722157,2023
"289","NKb4",7.346,4.5016,1.9048,13.3168,0.666,1.692,0,0,0,0,2670.3192,0.011020105761139,0.00658333280905144,0.000883040499427934,2023
"290","NKb5",6.5676,13.1876,7.0776,10.4836,0.8916,4.2736,0.8596,0.0396,0,0.4488,8543.5324,0.00513014967907186,0.00281785084586324,0.000762354456571149,2023
"291","NKb6",73.3616,70.7732,34.074,41.2504,7.9588,32.6732,25.1912,11.0528,0,17.0396,40909.9712,0.00766010805698147,0.00413688875928615,0.00229566526803128,2023
"292","NKl1",16.3984,3.914,1.1236,2.0068,0,0.0124,0.1368,0.1212,0,0,20074.7364,0.00118124589670826,0.000169406956696079,0.0000134696662816454,2023
"293","NKl2",54.9072,27.4388,7.2868,1.404,0.0984,0.9256,0,0,0,0.2096,8164.2908,0.0113017042460075,0.00121558629440294,0.000151097018739215,2023
"294","NKl4",4.8112,1.0448,0.3432,0.4532,0,0.0504,0.0004,0,0.0168,0.002,683.2128,0.00983880864058753,0.00126754065497602,0.000101871627697842,2023
"295","NKu1",17.396,11.3796,3.9284,7.36,0.9452,5.6068,1.182,0.242,0,0,16965.0208,0.00283170887712675,0.00113553647986096,0.000470143838550437,2023
"296","NKu2",18.9004,11.7716,2.8616,6.4792,3.9404,4.8292,1.7404,0.2056,0.2336,1.2952,11706.3608,0.00446400046033093,0.00184388644505131,0.00104596126919307,2023
"297","NKu3",190.3688,102.5948,79.4404,81.8588,42.1704,34.1016,43.06,23.1488,7.9748,30.5164,40004.2396,0.0158791869649736,0.00855587316300345,0.00452382052026306,2023
"298","NKu4",148.6952,47.6632,21.2936,35.2012,7.1904,15.2324,9.0408,2.104,0.6632,0.8132,48084.2452,0.00598734988565444,0.00190371710358053,0.000728804203003274,2023
"299","SKk1",0.282,4.5344,3.854,2.5864,0.0008,0.7912,0.0348,0,0,0,1666.85,0.00724936257011729,0.00435984041755407,0.000496025437201908,2023
"300","SKk3",0.9696,0.1752,0.0224,0.0764,0.0012,0.1212,0.0428,0.0272,0.0012,0.0232,1298.8296,0.00112439691857962,0.000242987994730025,0.000166919509687799,2023
"301","SKk4",0.1068,2.6588,0.144,0.4168,0.3836,0.2216,0.4932,0.3084,0,0,979.3724,0.00483289094117825,0.00200904170875144,0.00143643010564725,2023
"302","SKk5",3.2028,7.6996,0.3336,0.7604,4.2128,0.2348,0.28,0.5852,0,0,829.1768,0.0208751619678698,0.00772669954103877,0.00640731868040688,2023
"303","SKk6",0.4064,0.7728,0.0344,0.0004,0.004,0,0.0756,0.0448,0,0,57.032,0.0234675270023846,0.0027914153457708,0.00218123158928321,2023
"304","SKk7",1.7184,0.8036,0.82,0.0036,0,0.0776,0.7928,0.6336,0.1576,0.4792,130.8612,0.0419253376860368,0.0226530094481787,0.0163593181172112,2023
"305","SKk8",0,0,0,0,0,0.0004,0,0,0,0,0.6316,0.000633312222925903,0.000633312222925903,0.000633312222925903,2023
"306","SKk9",0.9224,1.0684,0,0.8384,0,0,0.0412,0.0084,0,0,140.2268,0.0205295991921658,0.00633259833355678,0.000353712699712181,2023
"307","SKn1",7.2696,5.066,0.0984,0.9052,0.162,0,0.1008,0,0,0,7342.0048,0.00185262750032525,0.000172486947979113,0.0000357940381624376,2023
"308","SKn2",0.3996,0,0,0,0,0,0,0,0,0,534.2036,0.00074802940302162,0,0,2023
"309","SKn3",6.71,5.1328,0,0.2496,0.1848,0,0.0248,0,0.0116,0,2891.024,0.00425925208507435,0.000162848872925303,0.0000765126820116332,2023
"310","SKn4",0.5656,0.3912,0.1524,0.0532,0,0,0,0,0,0.022,4581.266,0.000258531157108101,0.0000496805904743361,0.00000480216603881984,2023
"311","SKn5",0.0048,0,0,0,0,0,0,0,0,0,650.5384,0.00000737850371323199,0,0,2023
"312","SKn6",3.7088,0.7392,0.0132,0.3184,0,0,0.1524,0,0,0,391.506,0.0125975080841673,0.00123625180712428,0.000389266064887894,2023
"313","SKr13",0.0116,0,0,0,0,0,0,0,0,0,721.8316,0.0000160702302309846,0,0,2023
"314","SKr15",0.024,0,0,0,0,0,0,0,0,0,200.304,0.000119817876827223,0,0,2023
"315","SKr18",0.0284,0.0188,0,0,0,0,0,0,0,0,812.362,0.0000581021761234524,0,0,2023
"316","SKr19",0,0.0008,0,0,0,0,0,0,0,0,367.7144,0.00000217560149942455,0,0,2023
"317","SKr2",0.214,0,0,0,0,0,0,0,0,0,191.3312,0.00111847936980482,0,0,2023
"318","SKr4",0.0008,0,0,0,0,0,0,0,0,0,827.1612,0.000000967163353406809,0,0,2023
"319","SKs12",0.068,0,0.006,0.0188,0.0156,0.0608,0.0072,0,0,0,423.524,0.000416505322012448,0.000255947714887468,0.000197391411112475,2023
"320","SKs13",0.7784,2.674,0.2016,0.0568,0.0796,0.2048,0.538,0.324,0.164,0.3132,108.1508,0.0493237220621576,0.0174016280970645,0.0150123716144495,2023
"321","SKs14",0.1428,0.1272,0.0264,0.1264,0.0516,0.018,0.0024,0,0,0.158,644.0144,0.00101364193098788,0.000594396647031495,0.000357134871518401,2023
"322","SKs2",0.0024,0,0,0,0,0,0,0,0,0,524.9028,0.0000045722750955034,0,0,2023
"323","SKs4",0.0032,0,0,0,0,0,0,0,0,0,441.4408,0.0000072489901250632,0,0,2023
"324","SKs5",0.0016,0,0,0,0,0,0,0,0,0,565.6908,0.00000282840024974774,0,0,2023
"325","SKs7",0.414,0.378,0.072,0.1028,0.2616,0.2436,0.1708,0.0212,0.0064,0.0012,2540.0112,0.000658107334329864,0.000346297685616504,0.000277479091430778,2023
"326","SKs8",0,0.3888,0,0,0,0,0,0,0,0,727.288,0.000534588773635754,0,0,2023
"327","SKs9",0.2584,0.004,0.0068,0,0,0,0.1592,0,0,0,884.7432,0.000484208299086108,0.000187625064538501,0.000179939218521261,2023
"328","SKt1",0,0,0.0116,0.076,0,0.0548,0,0,0,0,101.3284,0.00140533157535301,0.00140533157535301,0.000540815802874614,2023
"329","SKt2",13.0392,13.4076,8.144,9.984,0.6312,5.7348,2.6944,0.2644,0.6128,0,7313.0976,0.00745407800929663,0.0038377171391778,0.00135887698257986,2023
"330","SKt3",3.6988,1.4944,0.7724,3.9036,0.4312,1.1316,0.8252,3.7444,0,0,5222.7172,0.00306384576978436,0.00206949746388719,0.00117417806960714,2023
"331","SKv1",3.2944,1.9724,0.7012,0.6792,0.33,0.3804,0.6716,0.0024,0.2736,0.0788,447.9824,0.0187150209472515,0.006958309076428,0.00387693802256517,2023
"332","SKv10",0.0216,0.0008,0.0024,0,0.0036,0.0088,0.0016,0,0,0.0372,226.2656,0.00033588844260904,0.000236889743734797,0.000226282740283985,2023
"333","SKv11",3.0852,1.7004,0.3216,0.1568,0.0716,0.174,0.3164,0.384,0.0016,0.288,1369.166,0.00474712343134434,0.00125185696986341,0.000902447183175743,2023
"334","SKv13",2.6048,0.5148,0.3068,0,0.8828,0.0348,0.2168,0.0268,0.1656,0.0768,2513.968,0.00192126550536841,0.000680358699872075,0.000558320551415133,2023
"335","SKv14",1.6368,0.2048,0.4352,0,0,0,0.0424,0,0,0,769.2448,0.00301490500813265,0.000620868675355361,0.000055118994629538,2023
"336","SKv2",0,0.0008,0.3004,0.5664,0,0,0,0,0,0,557.15,0.00155721080498968,0.00155577492596249,0,2023
"337","SKv3",1.008,0.504,0.0948,0.0324,0.026,0.0804,0.4284,0.0408,0,0.038,902.9904,0.00249482165037413,0.000820385244405699,0.000679519959459148,2023
"338","SKv4",0.162,2.5104,0,1.0372,0,0,0,0,0,0,1313.5804,0.00282403726486784,0.000789597652340123,0,2023
"339","SKv5",11.1044,7.1884,6.7572,6.216,3.5968,1.8164,0.6152,0,0,0,6923.8212,0.0053863898160744,0.00274438051635418,0.000870675285491197,2023
"340","SKv6",3.868,1.1468,0,0.33,0.0084,0,0.2848,0.0704,0,0,4674.8652,0.00122108333733345,0.000148367914437405,0.0000777776437275667,2023
"341","SKv7",0.6804,0.4464,0.1392,0.312,0.1976,0.0516,0.0904,0.3744,0.0204,0.5168,496.252,0.00570113571330695,0.00343051514150069,0.00252129966226836,2023
"342","SKv8",2.6532,2.2852,0.6772,0.4456,0.5884,1.1308,1.2376,0.406,0.0336,0.5108,3931.7928,0.00253533197374999,0.00127931461698592,0.000993745143436856,2023
"343","SVcb1",8.5712,1.4256,0,0.0028,0,0.0024,0,0,0,0,5108.8792,0.00195776795818543,0.0000010178357711022,0.000000469770355893324,2023
"344","SVcb10",6.2688,12.4852,2.95,6.8248,2.8864,0.8964,1.5256,8.4592,1.4068,7.7752,919.6632,0.0559752744265509,0.0355830264818686,0.0249543528543928,2023
"345","SVcb11",58.7236,17.212,4.0388,5.3764,1.6764,0.5064,4.848,2.9428,0.414,5.9076,2493.6388,0.0407621183950137,0.0103103945928336,0.00653470743236751,2023
"346","SVcb12",88.1684,63.1472,20.824,17.1696,9.2068,6.3536,6.9036,5.2188,0.5768,4.838,10862.8848,0.0204740088931073,0.00654441258550399,0.00304685179023532,2023
"347","SVcb13",14.4284,11.9344,6.362,4.0804,0.1712,2.6348,2.1668,1.2444,1.654,1.7952,1920.4356,0.0241984683058364,0.0104709577347973,0.00503344137132221,2023
"348","SVcb14",2.4052,2.1472,0.572,0.2424,0.0456,0.03,0.0636,0,0.0064,0,441.2272,0.012493336766183,0.00217574981778095,0.000329988722363444,2023
"349","SVcb15",3.3028,1.8068,1.7104,1.5004,0.2472,0.2684,0.2424,0.0152,0,0,2856.3324,0.00318366307786867,0.00139479564773344,0.000270696785850274,2023
"350","SVcb16",24.4524,2.1928,0.916,0.8212,0.0556,0.7652,0.182,0.1628,0.562,0,9880.8072,0.00304732188277087,0.000350659610077201,0.000174844014768348,2023
"351","SVcb17",71.6052,82.724,12.5404,18.2552,7.4508,4.606,2.3704,1.854,0,1.2824,8214.646,0.0246740273409225,0.00588694874983049,0.00213808361309787,2023
"352","SVcb18",34.9932,0.1448,3.7088,0,0,0.0196,0,0,0,0,5101.8224,0.00761814052954881,0.000730797685156582,0.00000384176446440001,2023
"353","SVcb19",3.3168,1.7492,0,0,0,0,0,0,0,0,10665.7168,0.000474979796950919,0,0,2023
"354","SVcb2",0.146,0.1416,0,0,0,0,0.004,0.0448,0,0,1075.8564,0.000312681134768543,0.0000453592133671371,0.0000453592133671371,2023
"355","SVcb20",177.8564,41.1524,26.346,7.4732,1.8012,2.7368,5.3672,1.7864,0.0024,0,6219.6988,0.0425297122105013,0.00731758907682153,0.00188015535414673,2023
"356","SVcb21",14.7068,16.0176,11.3232,12.5368,9.026,1.084,4.008,13.8012,9.4848,2.5692,3045.662,0.0310466492998895,0.0209587275278741,0.013124634315955,2023
"357","SVcb22",0,0.1068,0,0,0,0,0,0,0,0,0.5316,0.200902934537246,0,0,2023
"358","SVcb23",150.3024,33.598,2.886,4.244,2.6452,0.438,8.3368,0.7016,0,0.006,2519.1048,0.0806469028203987,0.0076446204223024,0.00481424988749972,2023
"359","SVcb24",15.2784,9.0032,0.3728,2.9128,0.0268,3.5828,0.8608,2.7344,1.72,1.3412,596.7168,0.0634022705578258,0.0227102706007272,0.0172041410598797,2023
"360","SVcb25",3.4104,0.602,2.602,0.2352,0.2492,0.6724,0.0664,0.6976,0,0.4388,823.9772,0.0108910780541015,0.0060215258383363,0.00257822667908772,2023
"361","SVcb26",17.6456,16.9,16.994,6.882,1.1268,1.7964,3.6636,2.388,2.3796,2.7476,1747.8652,0.0414926734624615,0.0217282202311711,0.00806812790826203,2023
"362","SVcb27",9.0648,4.5132,1.1336,0.8172,0.2272,0.2368,0,0,0,0,1210.104,0.0132160541573286,0.00199553096262801,0.000383438117715502,2023
"363","SVcb28",55.9116,13.92,13.0308,0.2852,0.0676,0.1196,0.0084,0.1028,0,0.0084,1809.8568,0.0461110514378817,0.00752700434642122,0.000169516173876298,2023
"364","SVcb29",0.4952,0.2248,0,0.1804,0,0,0,0,0,0,373.6608,0.002409672087626,0.000482790809204498,0,2023
"365","SVcb3",12.1992,17.5208,1.8296,4.406,0.81,3.3496,2.1672,0.0116,0.0596,0.588,889.586,0.0482714431207326,0.0148626439714654,0.00785309121321603,2023
"366","SVcb4",27.448,15.8688,1.0784,3.2048,0.2572,1.382,1.0768,0.2356,1.7368,8.6912,3661.8716,0.0166525773323128,0.00482343509805205,0.00365376000622196,2023
"367","SVcb5",0,0.002,0,0,0,0,0,0,0,0,359.8116,0.00000555846448530286,0,0,2023
"368","SVcb6",7.9772,6.1884,3.8148,3.0796,0.4804,1.0832,1.4796,0.616,0.504,3.946,708.9796,0.0411425096011225,0.0211622450067675,0.0114378467307099,2023
"369","SVcb7",4.1844,1.3356,0.8112,0.1392,0.0152,0.0932,0.0084,0,0,0,360.9508,0.0182495786129301,0.00295663564120096,0.000323589807807602,2023
"370","SVcb8",16.9472,12.3996,3.8792,3.926,0.8036,1.3464,1.6448,0.738,2.9056,1.0316,843.362,0.0540953943858035,0.0192980001470306,0.0100431368736082,2023
"371","SVcb9",38.2196,29.6088,22.6388,16.2276,1.7876,3.2344,4.0304,7.3196,2.5212,16.1876,2593.0128,0.0546760123976249,0.028517869252323,0.0135289729383519,2023
"372","SVk1",23.2304,2.6072,0,0.0008,0,0.0508,0.134,0,0,0,12001.9708,0.00216824390207648,0.000015464126941552,0.0000153974712219763,2023
"373","SVk10",6.0992,9.5984,0.3272,0.0364,0.9056,0.2924,0.2232,0,0,0,5539.6844,0.00315584765081563,0.000322184419025748,0.000256548910981283,2023
"374","SVk11",26.09,9.142,0.9488,2.3204,0.1696,4.4672,0.1188,0,0,0,13624.6808,0.00317488538887458,0.000588989945364445,0.000349043039599137,2023
"375","SVk12",10.1332,4.526,1.2984,2.7096,0,0,0,0,0,0,7252.688,0.00257383193651788,0.000552622696578152,0,2023
"376","SVk13",54.1564,16.7376,25.5892,8.7,1.7648,6.4256,5.4576,0.7044,0,3.44,8409.2552,0.0146238396951017,0.0061933665659237,0.00211581163573202,2023
"377","SVk14",9.9728,0.0008,0,0.0088,0,0,0.1916,0,0,0,880.8224,0.0115505691045096,0.000227514649945324,0.000217523986674272,2023
"378","SVk15",0.3744,0.002,0.1128,0.2076,0.5644,0.2612,0,0,0,0,1617.2148,0.000941371548170348,0.000708625718735693,0.000510507324073463,2023
"379","SVk16",0.848,0.386,0.6328,2.154,3.934,0.784,0.7944,0,0,0,7905.7652,0.00120585417841653,0.0010497655559009,0.000697263308553611,2023
"380","SVk17",47.71,18.9112,2.4652,0.3672,1.6464,0.75,0.8724,0,0,0,3751.572,0.0193845140117263,0.00162630491964435,0.000871314744858955,2023
"381","SVk2",12.4764,5.9024,1.9772,2.3156,0.7104,0.0928,0.3636,0.1284,0,0.6292,3227.4224,0.0076209423346631,0.00192636699801055,0.000596265304473316,2023
"382","SVk3",1.2372,0.5988,0,0.1128,0,0,0,0,0,0,576.2632,0.00338178804407431,0.000195743889250606,0,2023
"383","SVk4",38.6892,8.2716,3.2424,3.8208,2.2964,1.2664,1.8076,0.1164,0.96,0,12455.3472,0.00485500717314408,0.0010846747009991,0.000517592957986751,2023
"384","SVk5",1.7172,0.2704,0.038,0.0568,0.0084,0,0.204,0,0,0,1418.3416,0.00161794591655494,0.000216590982031409,0.000149752358670154,2023
"385","SVk6",29.1272,8.2908,3.8556,4.8668,0.0488,2.9932,0.6368,0.0096,0,0.016,4220.3792,0.0118105027150167,0.00294447475241087,0.000877741033317575,2023
"386","SVk7",73.49,22.4344,2.0488,5.7188,0,0.9968,0.89,0,0,0.8344,13112.6348,0.00811531790697015,0.00079990026108254,0.00020752503531937,2023
"387","SVk8",21.3612,11.6148,0,0,0.0108,0,0,0,0,0,3235.7984,0.0101943310188917,0.0000033376615799056,0.0000033376615799056,2023
"388","SVk9",16.678,5.466,0.2864,0.3336,0,0.2724,0.42,0,0,0,5504.2496,0.00426150732699331,0.000238433954739262,0.000125793714005993,2023
"389","SVkd1",33.9652,39.9548,18.598,15.4652,13.364,8.5104,1.6448,0,0,0,37004.7196,0.00355366562485721,0.00155608259223237,0.000635572982425734,2023
"390","SVkd2",1.516,0.1708,0,0,0,0,0,0,0,0,2239.5116,0.000753199938772365,0,0,2023
"391","SVkd3",6.7964,1.7944,0,0,0,0,0,0,0,0,2898.1184,0.00296426812651961,0,0,2023
"392","SVl1",0.9392,1.0836,0.5332,0.0456,0.0036,0.0864,0.1848,0.354,0,0,1579.2596,0.00204551550612705,0.000764662123947197,0.000398161264937063,2023
"393","SVl10",0.7048,4.466,0.6232,1.5156,1.0216,0.4796,0.5556,0.4968,0.0544,0.0276,615.1964,0.0161658943387835,0.00776077363261553,0.00428416031043095,2023
"394","SVl11",0.0012,1.6272,0.0284,0.2204,0.1876,0.0616,0,0.02,0,0.0028,596.5872,0.00360249096862957,0.000872965427350771,0.000455926644084888,2023
"395","SVl12",1.1844,5.236,1.4916,1.1084,0.0412,0.3728,3.5976,0.318,1.4112,7.36,368.3856,0.0600490355757663,0.0426205584583111,0.0355627364370377,2023
"396","SVl13",0.6628,1.4084,0.6184,0.7644,0.508,0.5376,0.2184,0.2048,0.2712,0.2992,72.4612,0.0758088466655258,0.0472252736636986,0.0281419573509685,2023
"397","SVl14",29.3988,15.404,8.6832,8.0888,4.7284,2.424,2.0012,0.4156,0.2236,2.2152,3420.6212,0.0215115312972977,0.00841367643982327,0.00351047347774141,2023
"398","SVl16",29.3592,38.984,49.2712,16.366,0,5.9148,12.1864,0,0,0,2251.9056,0.0675346248972426,0.0371855729654032,0.0080381699836796,2023
"399","SVl17",0.5208,0.4584,4.6776,0.0792,0,0,0,0,0,0,42.6524,0.134482467575095,0.111524791102025,0,2023
"400","SVl18",4.4872,9.6988,1.7052,2.5432,0.0244,0.1668,0.1088,0.026,0.026,0,865.0132,0.0217180500829352,0.00531830034501208,0.000406930206382978,2023
"401","SVl19",0.0168,0.1964,0.0488,0,0.0028,0,0,0.1628,0.0016,0,80.776,0.00531345944339903,0.00267406160245618,0.0020699217589383,2023
"402","SVl20",11.3244,9.166,12.1952,8.7668,0.842,0.8568,6.2184,0.0768,1.0152,0.2644,648.648,0.0782026615359949,0.0466132632799299,0.0142968142968143,2023
"403","SVl21",0.878,1.018,1.2464,3.0152,0.0776,4.0096,1.4764,0.152,0.0052,0.0016,268.5708,0.0442341460799164,0.0371745550893842,0.0213068583777536,2023
"404","SVl22",65.1864,74.1872,48.1292,42.7988,15.4204,10.8472,38.454,11.67,10.8172,10.3172,3681.678,0.0890429852909461,0.0511869859341311,0.026489551775033,2023
"405","SVl23",106.9688,96.5616,72.9212,54.0928,16.6224,20.5388,41.6088,8.6332,7.222,4.7356,5704.3004,0.0753651052458598,0.0396849366488483,0.0174185777453095,2023
"406","SVl24",7.0468,9.6048,4.8108,2.0832,0.052,0.1332,0.2548,0,0,0,182.28,0.131586570111916,0.0402348035988589,0.00241386877331578,2023
"407","SVl25",11.1216,22.8664,24.3588,7.3424,0,0,7.0656,0,0,0.0012,472.9328,0.15384003816187,0.0819735911740526,0.0149425034592652,2023
"408","SVl26",5.912,12.6284,6.344,3.462,0,0.0376,1.564,0,0.004,0,510.344,0.0586898249024188,0.0223606038280062,0.00314611320991331,2023
"409","SVl27",0.4312,0.286,0,0,0.0228,0,0.0144,0.606,0,0,426.688,0.00318827808609569,0.00150742462876856,0.00150742462876856,2023
"410","SVl3",17.974,13.8404,7.216,6.734,0.1084,4.056,2.9652,2.392,0.5944,0.978,14882.14,0.0038205795671859,0.00168282249730214,0.000745457306543279,2023
"411","SVl4",0.7228,0.684,0.9128,0.9316,0.7192,0.582,0.062,0.0672,0.2256,0.1964,1968.0536,0.00259322205452128,0.00187840412476571,0.000941234527352304,2023
"412","SVl5",0.2436,3.126,0.2716,0.9804,0.186,0.3156,0.0684,0.0388,0,0.0004,2975.3692,0.00175803392735261,0.000625535815857743,0.000204747699882085,2023
"413","SVl7",0.0064,0.0124,0,0,0,0,0.0064,0.0084,0,0,286.2132,0.000117395004842544,0.0000517097045139777,0.0000517097045139777,2023
"414","SVl8",21.2952,26.8612,8.7708,5.4452,1.2976,0.3444,11.084,7.9848,7.3752,0.7196,1748.3556,0.0521507180804637,0.0246068934717857,0.0164758244833031,2023
"415","SVl9",43.9708,45.0048,43.2336,31.3992,18.5916,15.1308,11.7164,11.9232,2.8624,22.33,1115.6136,0.220652383585141,0.140897529395482,0.0739990978955438,2023
"416","SVmp1",0.82,2.1132,0,0,0,0,0.148,0,0.1092,0,8133.022,0.000392277310942968,0.0000316241613510943,0.0000316241613510943,2023
"417","SVmp2",0.536,0.3008,0,0,0,0,0.0152,0,0,0,2718.2392,0.000313438199257814,0.00000559185519802672,0.00000559185519802672,2023
"418","SVmp7",0.0068,0,0,0,0,0,0,0,0,0,2027.626,0.0000033536756778617,0,0,2023
"419","SVs1",40.3976,13.224,1.6708,2.6008,0.4524,1.9336,0.5168,1.436,0.0164,0.108,1972.284,0.031616339229036,0.00442877394939066,0.00226296010108078,2023
"420","SVs2",64.96,10.222,2.5268,3.342,0.706,1.6736,5.242,6.2424,0.082,3.6552,1631.75,0.0604577907154895,0.0143833307798376,0.0107867013942087,2023
"421","SVs3",53.2012,31.0464,37.3696,19.7572,17.0336,14.8904,17.6896,10.6516,3.7992,15.4728,1014.296,0.217797960358712,0.134737788574538,0.0784161625403235,2023
"422","SVs4",3.8752,10.77,4.3104,5.2744,3.2176,4.8788,2.1744,1.7572,1.7112,6.596,325.9052,0.136742831964633,0.0918058380166993,0.0623960587311893,2023
"423","SVs5",3.866,11.166,9.0012,8.6388,6.532,6.492,7.0896,4.0136,2.4748,10.0968,250.3336,0.277113419852549,0.217065547733105,0.146599577523752,2023
"424","SVs6",331.26,331.1044,181.4908,146.8792,65.276,100.9364,83.6964,54.206,38.212,64.3176,7037.5756,0.198559685809983,0.104441421560004,0.0577818872737935,2023
"425","SVs7",149.7256,113.7752,88.4036,61.4588,48.9896,35.0472,82.884,59.5252,25.2204,124.7232,4782.816,0.165122973578745,0.110029739801824,0.0786962325123944,2023
"426","SVs8",20.7484,30.7648,21.5008,20.458,8.4692,8.4212,4.1192,3.6744,3.44,17.1144,848.6824,0.163442060304302,0.10274420678454,0.0533042749560967,2023
